query,video_id,title,channel_title,published_at,description
Tamil Nadu Election 2026,LHrgHR-Q1BE,தவெக அரசில் அமைச்சர்களான 2 பிராமணர்கள் | Brahmin Candidate | Tamil Nadu Elections 2026,Dinamalar,2026-05-21T10:15:53Z,"தமிழகத்தில் கடந்த 1952ல் நடந்த முதல் சட்டசபை தேர்தலில், பிராமண ..."
Tamil Nadu Election 2026,uWnFW42Q62g,Tamil Nadu Cabinet Expansion 2026: Two Congress MLAs Take Oath as Ministers | WION Dispatch,WION,2026-05-21T14:24:53Z,TVK and Congress MLAs take oath as Tamil Nadu Ministers in the presence of CM Vijay and Governor Rajendra Vishwanath ...
Tamil Nadu Election 2026,Yyzeg913wPM,Tamil Nadu Cabinet Expansion 2026 LIVE: Ministers Take Oath in Swearing-In Ceremony | CM Vijay | TVK,ANI News,2026-05-21T06:52:51Z,Tamil Nadu Cabinet Expansion 2026 LIVE: Ministers Take Oath in Swearing-In Ceremony | CM Vijay | TVK #tamilnadu ...
Tamil Nadu Election 2026,F5aCsmg5-vk,Top 5 Richest Candidates in Tamil Nadu Elections 2026 | Vijay Ranked 2nd,All Round Updates,2026-05-20T03:34:20Z,The list of the top 10 richest candidates in the 2026 Tamil Nadu Assembly Elections has gone viral. Leema Rose Martin tops the ...
Tamil Nadu Election 2026,NQNWvfE5DlU,காங்கிரஸ் எம்.எல்.ஏ.க்கள் இருவருக்கு அமைச்சர் பதவி | Minister Seat | TN Govt | Congress MLA,NewsTamil 24X7,2026-05-21T03:05:05Z,Congress #TamilNaduPolitics #CMVijay #CabinetNews #MinisterPost #PoliticalNews #TamilNews #TamilNewsLive #TopNews ...
Tamil Nadu Election 2026,ivoaKJpURhk,Assembly Elections 2026: Vijay&#39;s TVK Leading in Tamil Nadu Election Results | WION News,WION,2026-05-04T10:02:14Z,About Channel: WION The World is One News examines global issues with in-depth analysis. We provide much more than the ...
Tamil Nadu Election 2026,cO8LciepB3M,"Prakash Raj Backs Vijay, Questions Governor’s Conduct | Tamil Nadu Elections 2026 | TVK Vs DMK",CNBC-TV18,2026-05-08T11:00:16Z,"Prakash Raj has reacted to the political developments in Tamil Nadu, saying the Governor's conduct “was not right” and stressing ..."
Tamil Nadu Election 2026,Jxx_9hFGuSw,TN Election 2026 Result - Re Release | TN Election 2026 | TVK Vijay | MK Stalin | TVK vs DMK | Vijay,Lollu Facts,2026-05-20T10:44:02Z,
Tamil Nadu Election 2026,lbce82Sc704,Congress | TVK | CM Vijay | 59 ஆண்டுக்குப் பிறகு அமைச்சரவையில் இடம் பெறுவது மகிழ்ச்சி அளிக்கிறது,NewsTamil 24X7,2026-05-21T14:45:12Z,TVK #Congress #RahulGandhi #CMVijay #TamilNaduPolitics #CabinetNews #MinisterList #PoliticalNews #TamilNews ...
Tamil Nadu Election 2026,gwCd3Z22nQc,Tamil Nadu Elections 2026: Decoding The 85% Voter Turnout And The Vijay Factor | India Today,India Today,2026-04-24T14:16:09Z,An analysis of the Tamil Nadu elections examines the 85 percent voter turnout and its connection to the Vijay factor. While the ...
Tamil Nadu Election 2026,7GXv8cUO6kw,Tamil Nadu Cabinet Expansion 2026: CM Vijay Inducts 23 More Legislators | WION,WION,2026-05-21T11:26:47Z,TVK and Congress MLAs take oath as Tamil Nadu Ministers in the presence of CM Vijay and Governor Rajendra Vishwanath ...
Tamil Nadu Election 2026,-PdcOKSLviw,CM Thalapathy Vijay with Salman Khan ! 🔥 TVK Ne Racha Itihas | Tamil Nadu Election Results 2026,Current Affairs by Mohit Sir,2026-05-16T13:53:46Z,Thalapathy Vijay CM Ban Gaye! TVK Ne Racha Itihas | Tamil Nadu Election Results 2026.
Tamil Nadu Election 2026,SvTz9u-HZzY,விஜயின் செயல்  தப்பா படலையே!,Dinamalar,2026-05-21T23:40:39Z,விஜயின் செயல் தப்பா படலையே!# #RBUdhayakumar #ADMK #ExMinister #CMVijay #TVKGovt ...
Tamil Nadu Election 2026,KagpfE5gdOE,Thalapathy Vijay CM Ban Gaye! 🔥 TVK Ne Racha Itihas | Tamil Nadu Election Results 2026,Current Affairs by Mohit Sir,2026-05-18T02:34:16Z,Thalapathy Vijay CM Ban Gaye! TVK Ne Racha Itihas | Tamil Nadu Election Results 2026.
Tamil Nadu Election 2026,D3eKpVJqKVg,முழுக்க முழுக்க திமுக கட்டுப்பாட்டில் #thalapathyvijay #cmvijay #tvk #tvkvijay #election2026 #vijay,ALLINONE WORLD OFFICIAL,2026-05-21T03:00:10Z,முழுக்க முழுக்க திமுக கட்டுப்பாட்டில் செயல்படுகிறது!” விஜய் ...
Tamil Nadu Election 2026,7eKLXzURWUI,"Tamil Nadu Elections 2026: Chennai Strongholds, Kongu Belt &amp; Voter Bribery Allegations | India Today",India Today,2026-04-23T03:40:11Z,"An analysis of the Tamil Nadu assembly elections highlights crucial electoral battles across the state, focusing on high-profile ..."
Tamil Nadu Election 2026,WDN97vR0zgA,Thalapathy Vijay CM Ban Gaye! 🔥 TVK Ne Racha Itihas | Tamil Nadu Election Results 2026,Current Affairs by Mohit Sir,2026-05-19T02:38:15Z,Thalapathy Vijay CM Ban Gaye! TVK Ne Racha Itihas | Tamil Nadu Election Results 2026.
Tamil Nadu Election 2026,WnJXVG2TZjk,Vijay’s TVK Reportedly Prepares Resort Strategy During Election Counting 🔥🏛️ #vijaythalapathy,ViralShorts,2026-05-21T04:27:30Z,As counting continues for the 2026 Tamil Nadu Assembly elections 🗳️   Major political buzz is building around Tamilaga Vettri ...
Tamil Nadu Election 2026,RN5IuGK9QSk,தமிழகத்தில் பைத்தியங்கள் அதிகமாகிடுச்சான்னு தெரியலயே | விஜயை தவறாக பேசினால் கல்லால் அடிப்பேன் | #TVK,Shree TV,2026-05-22T06:12:03Z,தமிழகத்தில் பைத்தியங்கள் அதிகமாகிடுச்சான்னு தெரியலயே | விஜயை ...
Tamil Nadu Election 2026,1EJS0eCU770,செய்தி எதிரொலி : வீடு மாறும் முதல்வர் விஜய் | CM Vijay | TVK | News Update,PuthiyathalaimuraiTV,2026-05-16T15:00:06Z,PuthiyathalaimuraiTV #cmvijay #tvk #newsupdate செய்தி எதிரொலி : வீடு மாறும் முதல்வர் ...
Tamil Nadu Election 2026,70EhQlANtj4,🔴LIVE: Today Headlines | Puthiyathalaimurai Headlines | மதியம் தலைப்புச் செய்திகள் | 19.5.2026,PuthiyathalaimuraiTV,2026-05-19T10:10:36Z,Puthiyathalaimuraitv #CMVijay #ChiefMinisterVijay #CJosephVijay #ChandrasekaranJosephVijay #TNChiefMinisterVijay ...
Tamil Nadu Election 2026,kchHh3Ff3VM,Tamil Nadu Assembly Elections 2026: Actor Trisha Krishnan Casts Her Vote In Chennai,NDTV,2026-04-23T07:30:31Z,Actor Trisha Krishnan Casts Her Vote In Chennai | Tamil Nadu Assembly Elections 2026 #ElectionsWithNDTV ...
Tamil Nadu Election 2026,5Y_hSPOxaYQ,Tamil Nadu Elections 2026: Vijay Arrives To Cast Vote In Chennai Assembly Polls #tvk #tamilnadu,India Today,2026-04-23T03:59:45Z,"Vijay, TVK chief, arrives at a polling station in Chennai to cast his vote in Assembly elections. #Vijay, #ThalapathyVijay, #TVK ..."
Tamil Nadu Election 2026,6L3O-edQCdw,From Cinema to Politics: Vijay’s Journey to 2026 Polls | Tamilnadu Election Results,The Indian Express,2026-05-04T06:51:20Z,Actor-turned-politician Vijay has emerged as a key player in Tamil Nadu politics ahead of the 2026 Assembly elections. From his ...
Tamil Nadu Election 2026,O84PevYwF0g,Cm of Tamilnadu Vijay :) #thalapathyvijay #tamilnadu #vijay #tvk #cmotamilnadu #breakingnewstamil,Real Mudhalvan 26(Ft.Vijay),2026-05-20T06:30:01Z,
Tamil Nadu Election 2026,VMy_kW2QVbg,Cm Of Tamilnadu Vijay :) #thalapathyvijay #vijay #tvk #cmotamilnadu #breakingnewstamil #tamilnadu,Real Mudhalvan 26(Ft.Vijay),2026-05-21T14:00:20Z,
Tamil Nadu Election 2026,IX3UXOMsUTQ,Tamil Nadu Exit Poll Shock: Axis My India Predicts Big Win For Vijay TVK In 2026 Election Battle,moneycontrol,2026-04-30T17:47:44Z,A heated debate erupted after Axis My India projected a stunning performance for Vijay's TVK in Tamil Nadu Election Results ...
Tamil Nadu Election 2026,UqK_J1KmCiU,Actor Vijay Casts His Vote In Chennai | Tamil Nadu Elections 2026 | TVK Vs DMK Face Off | N18S,CNBC-TV18,2026-04-23T03:17:04Z,Vijay cast his vote in Chennai as polling begins for the Tamil Nadu Assembly Elections 2026. The election sees a high-stakes ...
Tamil Nadu Election 2026,R2q5w-zUMEc,Tamil Nadu Exit Poll Shock: Vijay’s TVK Set to Become Biggest Party? | Tamil Nadu Elections 2026,India Today,2026-04-30T10:28:21Z,"Recent exit polls for the Tamil Nadu assembly elections indicate a significant shift in the state's political landscape, traditionally ..."
Tamil Nadu Election 2026,JSh50koqnQw,Tamil Nadu Election 2026 | TN Election 2026 | Madurai Airport,Thanthi TV,2026-05-15T11:06:56Z,TN Election | Madurai | தமிழக தேர்தலில் வாக்களித்த இலங்கை தம்பதி ...
Tamil Nadu Election 2026,Xk6BxiC4Txg,Tamil Nadu Election Result 2026 (Quick Total) #vijaythalapathy #tamilnadu #election,Antony editz.,2026-05-06T08:58:23Z,
Tamil Nadu Election 2026,bB3qIaCR0mA,Thalapathy Vijay CM Ban Gaye! 🔥 TVK Ne Racha Itihas | Tamil Nadu Election Results 2026,Current Affairs by Mohit Sir,2026-05-21T06:00:51Z,Thalapathy Vijay CM Ban Gaye! TVK Ne Racha Itihas | Tamil Nadu Election Results 2026.
Tamil Nadu Election 2026,ujwtMOUIS5w,🔴Tamil Nadu Election 2026 LIVE: M. K. Stalin vs Vijay | DMK vs TVK vs AIADMK Voting Begins,moneycontrol,2026-04-23T19:03:00Z,Tamil Nadu Election 2026 LIVE: M. K. Stalin vs Vijay | DMK vs TVK vs AIADMK Voting Begins Tamil Nadu election 2026 LIVE: ...
Tamil Nadu Election 2026,oUvZtFqPYIU,Tamil Nadu Election 2026 Results Explained | Vijay Vs M. K. Stalin | Who Is The Next CM,NDTV Profit,2026-05-04T06:15:41Z,"Tamil Nadu Election Results 2026 are out, and the results have surprised many. Vijay's TVK has made a strong impact, ..."
Tamil Nadu Election 2026,ix8hcLHkGVY,Tamil Nadu Elections 2026: Actor to Politician- Vijay’s High-Stakes Entry into Tamil Nadu Politics,India Today,2026-04-19T17:51:08Z,"Tamil cinema superstar Vijay Thalapathy has transitioned into full-time politics after a celebrated film career, launching his party ..."
Tamil Nadu Election 2026,2QnHgKFWHdI,முதல்வர் விஜய் இன்னைக்கு ஆரம்பிக்கல #tvkfortn2026 #cmvijay #cmjosephvijay #tvklatestnews #tamilnadu,Vijay ,2026-05-19T02:08:49Z,
Tamil Nadu Election 2026,ASuPCgA9lV4,K. Annamalai predicted Tamilnadu Election results in 2024🤯 #annamalai,Bharat Matters ,2026-05-15T07:37:49Z,"In 2024, BJP's K Annamalai repeatedly argued that in 2026 ""no single party will get a clear majority"" and that TN would move ..."
Tamil Nadu Election 2026,vwiqw3TMGcc,Tamil Nadu Election 2026 Live: &quot;Vijay Will Do A Big Change In Tamil Nadu...&quot;: Vijay&#39;s Father |#etnow,ET Now,2026-05-04T10:20:00Z,"Tamil Nadu Election 2026 Live: ""Vijay Will Do A Big Change In Tamil Nadu..."": Vijay's Father |#etnow #vijayvsstalin ..."
Tamil Nadu Election 2026,XP95ObA9rmY,Top 5 Richest Candidates in Tamil Nadu Elections 2026 | Vijay Ranked 2nd,Telugu Daily Updates | Job Updates,2026-05-16T07:09:33Z,The list of the top 10 richest candidates in the 2026 Tamil Nadu Assembly Elections has gone viral. Leema Rose Martin tops the ...
Tamil Nadu Election 2026,K5SbOhXqpNg,Anand Mahindra Praises CM Vijay After Viral Bolero Drive | Tamil Nadu Celebrates the Moment 😍🔥 TVK 😍,TVK SUBARAJA,2026-05-21T07:26:57Z,
Tamil Nadu Election 2026 DMK,slp4yFvENSQ,Tamil Nadu Assembly Election 2026:  🗳️🔥 Shocking C-Voter Survey!#election #dmk#bjp,MrDaddanYadav,2026-05-17T00:05:32Z,Tamil Nadu Assembly Election 2026: Shocking C-Voter Survey! 🗳️     . . . . . . Is a political earthquake coming to Tamil Nadu?
Tamil Nadu Election 2026 DMK,iCGmDyKCh6A,Tamil Nadu 2026 Election Opinion Poll! 🗳️ | Who will win?,MR ARUN FACT,2026-05-22T02:59:45Z,Tamil Nadu 2026 Election Opinion Poll! 🗳️ | Who will win? The first major Opinion Poll for the Tamil Nadu Assembly Election ...
Tamil Nadu Election 2026 DMK,MYixML5SSVU,💥Tamil Nadu Election Survey 2026: Who is Winning? 🗳️ DMK vs TVK vs ADMK | Latest Predictions #dmk,Anand gk study,2026-04-24T02:47:29Z,Tamil Nadu Election 2026: Who Will Take the Crown? . . . . . ​The political heat in Tamil Nadu is already rising! As we approach ...
Tamil Nadu Election 2026 DMK,S1O49uQQaC0,Tamil Nadu CM MK Stalin Casts His Vote | Elections 2026 | TVK Vijay | DMK | N18S,CNBC-TV18,2026-04-23T03:55:30Z,"Tamil Nadu is heading into a tightly contested assembly election in 2026 on April 23, with the ruling Dravida Munnetra Kazhagam ..."
Tamil Nadu Election 2026 DMK,ruqXq2Qs180,MK Stalin | DMK | TN Election Result 2026,Thanthi TV,2026-05-15T11:57:06Z,Breaking | MK Stalin | DMK | தமிழகம் முழுவதும் இறங்கும் டீம் | ஸ்ட்ரிக்ட்-ஆக ...
Tamil Nadu Election 2026 DMK,DkPRdQoF2Vw,Tamil Nadu Polls 2026: Minority Votes Battle | DMK vs TVK Face-Off Heats Up,India Today,2026-04-20T15:14:04Z,"As Tamil Nadu elections get closer, political parties are focusing on minority votes, especially the Christian community. The DMK ..."
Tamil Nadu Election 2026 DMK,D3SpZmPDR0A,"Tamil Nadu Elections: Vijay Declares War On DMK, Vows Fearless Fight In TN Elections 2026 | N18S",CNBC-TV18,2026-02-23T08:57:51Z,"Ahead of the Tamil Nadu Assembly elections, Tamilaga Vettri Kazhagam (TVK) chief Vijay addressed a public rally in Vellore, ..."
Tamil Nadu Election 2026 DMK,9jaWJSIP3LM,"Arnab Asks Annamalai, &#39;Can You Win 2026 TN Assembly Elections?&#39;",Republic World,2025-01-03T19:35:30Z,"Arnab Asks Annamalai, 'Can You Win 2026 TN Assembly Elections?' In an exclusive live interview with Arnab Goswami, ..."
Tamil Nadu Election 2026 DMK,ZhUnowEGpwQ,TN Elections 2026: Can Vijay’s Party Win Tamil Nadu? Full Analysis #tamilnaduelections #vijay,India Today,2026-04-22T16:16:25Z,A detailed analysis of the 2026 Tamil Nadu Legislative Assembly election looks at the impact of actor Thalapathy Vijay and his ...
Tamil Nadu Election 2026 DMK,Fhw5KqF16H4,Stalin | DMK | TNelection2026,Thanthi TV,2026-05-19T02:54:06Z,Stalin | DMK | ``உஷாரா இருக்கணும்..'' | அலர்ட் செய்த ஸ்டாலின் #MKstalin #DMK ...
Tamil Nadu Election 2026 DMK,p1wqRi0RbXE,TVK’s VS Babu Defeats MK Stalin In Kolathur In Major 2026 Polls,NDTV,2026-05-04T17:15:06Z,"In a major political upset, VS Babu of Tamilaga Vettri Kazhagam defeated incumbent Chief Minister MK Stalin in the Kolathur ..."
Tamil Nadu Election 2026 DMK,2ffX7h-etz0,"Tamil Nadu Election Result 2026: Vijay’s TVK Surges Ahead, DMK Slips to Third | WION News",WION,2026-05-04T09:02:49Z,"Early counting trends from Tamil Nadu show Vijay's TVK taking a surprising lead, while DMK is currently placed in third position."
Tamil Nadu Election 2026 DMK,lz3n4MvPaF4,Vijay Government Will Collapse? Stalin’s Shocking Speech | Tamil Political News 2026#tvk #dmk #short,TamilMotivation,2026-05-20T06:01:03Z,Tamil Nadu politics is heating up again! Stalin made sensational comments about Vijay's political future and the upcoming 2029 ...
Tamil Nadu Election 2026 DMK,b1uDce54r1M,🔥Tamil Nadu Election Survey 2026: Who is Winning DMK vs TVK vs ADMK |Latest Predictions #dmk #shorts,Desh Ki Rajneeti,2026-04-27T01:18:21Z,Tamil Nadu Election 2026: Who Will Take the Crown? . . . . . The political heat in Tamil Nadu is already rising! As we approach ...
Tamil Nadu Election 2026 DMK,pLh-4PATawk,Karaikudi Assembly Constituency Election Result ✌🏻🏆✅ Tamilnadu Assembly Election Result 💯🏆✅,GKankit,2026-05-22T04:49:35Z,Karaikudi Assembly Constituency Election Result 2026 Karaikudi Assembly Constituency Election Result 2021 Karaikudi ...
Tamil Nadu Election 2026 DMK,CR_R4qBvl6s,Actress Nalini | TVK Vijay | TVK Vs DMK | TN Election 2026 | Sun News,Sun News,2026-04-13T12:34:56Z,TNElection2026 #DMK #CMStalin #SunNews Subscribe to Sun News Channel to stay updated - http://bit.ly/2Yyvgsi Hit Bell ...
Tamil Nadu Election 2026 DMK,dhXRm5xty8A,Tamil Nadu Elections 2026 | Vijay&#39;s Family Celebrates As TVK Races Ahead | Elections Result | N18S,CNBC-TV18,2026-05-04T09:04:13Z,Tamil Nadu Elections 2026 | Family of TVK chief and actor Vijay blew whistles at their residence as TVK inched closer to victory.
Tamil Nadu Election 2026 DMK,9vrZREvtA8U,"TVK Chief Vijay Cycles On Campaign, Brief Chaos Follows | Tamil Nadu Election 2026 | TVK Vijay",HW News English,2026-04-13T11:26:11Z,"TVK Chief Vijay Cycles On Campaign, Brief Chaos Follows | Tamil Nadu Election 2026 | TVK Vijay #Shorts #TVK #Vijay ..."
Tamil Nadu Election 2026 DMK,LR8eBjJuk24,Election Results 2026: DMK Supporter Emotional After Early Trends | Tamil Nadu Counting #shorts,India Today,2026-05-04T04:46:36Z,An emotional moment was captured at the Tamil Nadu Assembly Elections 2026 counting centre as a DMK supporter reacted ...
Tamil Nadu Election 2026 DMK,w09WKxcqkYs,"DMK criticizes TVK Vijay cabinet | தவெக அமைச்சரவையில் விசிக, ஐயுஎம்எல்: திமுக விமர்சனம் | VCK | IUML",News18 Tamil Nadu,2026-05-22T02:29:31Z,"DMK criticizes TVK Vijay cabinet | தவெக அமைச்சரவையில் விசிக, ஐயுஎம்எல்: திமுக ..."
Tamil Nadu Election 2026 DMK,tvReUuv-c6k,DMK | TN Election 2026 | Election Commission,Thanthi TV,2026-03-19T13:32:47Z,DMK | TN Election 2026 | திமுகவினர் பதுக்கி வைத்திருந்ததாக கூறப்பட்டது ...
Tamil Nadu Election 2026 DMK,-IVCYt9GrD4,DMK Chief MK Stalin Launches Bitter Attack Claiming CM Vijay Won Elections Only Via Instagram,CineeVerge,2026-05-21T10:30:01Z,MK Stalin Criticizes CM Vijay | DMK Chief Slams TVK Government | Tamil Nadu Election Results 2026 | MK Stalin Veiled Attack ...
Tamil Nadu Election 2026 DMK,_k0eM1fbpsk,Tamil Nadu Elections 2026 | Congress Leader Karti Chidambaram On TVK&#39;s Vijay &amp; DMK Alliance,NDTV,2026-04-13T08:45:11Z,"In an exclusive interview with NDTV, Congress leader Karti Chidambaram opened up on the party's game plan for the upcoming ..."
Tamil Nadu Election 2026 DMK,rEu3vcfwsmo,"Tamil Nadu Exit Polls 2026: DMK Edge, AIADMK Fightback And Vijay’s TVK X‑Factor Explained",Republic World,2026-04-29T15:14:20Z,"Tamil Nadu Exit Polls 2026: DMK Edge, AIADMK Fightback And Vijay's TVK X‑Factor Explained On Arnab's mega panel, M R ..."
Tamil Nadu Election 2026 DMK,GjrSTm9XHaw,Tamil Nadu Election Results: MK Stalin Defeated In Kolathur! TVK’s VS Babu Wins Big | Vijay | N18S,CNBC-TV18,2026-05-04T12:50:03Z,"In a stunning upset in the Tamil Nadu Assembly Elections 2026, Tamilaga Vettri Kazhagam candidate VS Babu has defeated ..."
Tamil Nadu Election 2026 DMK,tMwlzy1BNRs,MK Stalin | DMK | TN Election 2026 | திமுக தோல்விக்கு நானே பொறுப்பேற்கிறேன் | Sun News,Sun News,2026-05-14T12:42:23Z,mkstalin | #dmk | #tnelection2026 | திமுக தோல்விக்கு நானே பொறுப்பேற்கிறேன் | #sunnews ...
Tamil Nadu Election 2026 DMK,h3xH-sbkM3s,Tamil Nadu Election Results | How Vijay Smashed the Dravidian Duopoly | TVK  N18V | 4K,CNN-News18,2026-05-04T10:21:29Z,"The ""Box Office King"" is now the ""Ballot Box King."" In a political earthquake that has stunned India, Thalapathy Vijay's TVK has ..."
Tamil Nadu Election 2026 DMK,NIST2y9cmjs,Tamil Nadu Election 2026: DMK vs TVK vs AIADMK 💥 Kaun Jeetega? C-Voter Latest Survey! 📊#dmk #bjp,Opinion.poll.factory,2026-04-21T05:43:43Z,Tamil Nadu Election 2026: C-Voter Survey Analysis! @Opinion.poll.factory ​The political landscape in Tamil Nadu is heating ...
Tamil Nadu Election 2026 DMK,FzsGj1J0gOo,Tamil Nadu Election 2026: DMK Rules Out Power Sharing With Congress In TN Polls | India Today,India Today,2026-01-29T11:29:51Z,"On this Special Report, India Today reporter Anagha Keshav provides exclusive details on the high-level talks between the DMK ..."
Tamil Nadu Election 2026 DMK,gzn61SCdPxY,Gummidipoondi Assembly Constituency Election Result 💯🏆✅ Tamilnadu Assembly Election Result 🫡🏆✅,GKankit,2026-05-21T04:40:33Z,Gummidipoondi Assembly Constituency Election Result 2026 Gummidipoondi Assembly Constituency Election Result 2021 ...
Tamil Nadu Election 2026 DMK,L5jVpm7bTJ4,Tamil Nadu Election Results: MK Stalin Emotional After T.N Loss | Seen In Tears | TVK Vs DMK | N18S,CNBC-TV18,2026-05-05T14:11:50Z,Tamil Nadu Election Results: MK Stalin Emotional After T.N Loss | Seen In Tears | TVK Vs DMK | N18S In a stunning upset in the ...
Tamil Nadu Election 2026 DMK,2_R9tlzvRPc,Villivakkam Assembly Constituency Election Result💯🏆✅Tamilnadu Assembly Election Result 💯🏆✅,sonali puzzle Book ,2026-05-20T10:15:53Z,Villivakkam Assembly Constituency Election Result 2026 Villivakkam Assembly Constituency Election Result 2021 Villivakkam ...
Tamil Nadu Election 2026 DMK,lv8bXwO15Dc,Tamil Nadu Elections 2026: Has the DMK vs AIADMK Gap Narrowed? | MK Stalin Vs EPS | Assembly Polls,CNBC-TV18,2026-04-21T17:12:56Z,How has the vote share battle between Dravida Munnetra Kazhagam and All India Anna Dravida Munnetra Kazhagam evolved ...
Tamil Nadu Election 2026 DMK,7ut1HlN4Iqs,"Tamil Nadu Elections 2026: DMK Allots 28 Assembly Seats, One Rajya Sabha Berth To Congress | WION",WION,2026-03-05T10:56:06Z,"Ahead of the 2026 Tamil Nadu Assembly elections, the DMK and Congress have finalised their seat-sharing agreement after ..."
Tamil Nadu Election 2026 AIADMK,0eOgKhYZvRo,தஞ்சாவூர் சட்டமன்ற தொகுதி - 2026 #2026election #tnpolitics,வரலாறு முக்கியம் அமைச்சரே,2026-05-22T02:30:08Z,தஞ்சாவூர் சட்டமன்ற தொகுதி - 2026 #tnpolitics #dmk #admk #vijay #thalapathyvijay #rvijayasaravanan ...
Tamil Nadu Election 2026 AIADMK,FzfDrAGlVpY,வாடிய முகத்தோடு அதிமுக அலுவலகம் வந்த இபிஎஸ்..!! Aiadmk | EPS,NewsTamil 24X7,2026-05-19T05:27:20Z,AIADMK #EPS #CMVijay #SPVelumani #CVShanmugam #TamilNaduElection2026 #ElectionResult2026 #TamilNaduPolitics ...
Tamil Nadu Election 2026 AIADMK,XvrVzD0ESSI,தமிழகத்தில் வெல்ல முடியாது  பாஜக!,Gem Television,2026-05-22T05:30:06Z,ADMK #PoliticalDrama #TamilNaduPolitics #TamilNadu #ADMK #PoliticalAnalysis #ADMK #Vijay #TamilPolitics In this ...
Tamil Nadu Election 2026 AIADMK,64pyYckAtKc,EPS தலைமையிலான அதிமுக அழிவை நோக்கி தான் செல்லும் - CK KAMEESH KUMAR | EDAPPADI | TVK VIJAY,CK_Talks,2026-05-22T06:00:02Z,ckkameshkumar #tvkvijay #delimitation #delimitationcommission #delimitation2026 #tvkvijaycampaign #tvkvijaynellai ...
Tamil Nadu Election 2026 AIADMK,jrp05sE-igI,EPS செய்தது ஒரு வரலாற்று பிழை.. | Minister Aadhav Arjuna Pressmeet | EPS | AIADMK,NewsTamil 24X7,2026-05-20T08:58:28Z,AadhavArjuna #EPS #AIADMK #TVK #TamilNaduPolitics #PoliticalNews #PressMeet #BreakingNews #TamilNews ...
Tamil Nadu Election 2026 AIADMK,6EDHOdpcWSY,RDX || ஆதரவுக்கு “YES”.. அமைச்சருக்கு &quot;NO&quot; | SPVelumani | TVK | CM Vijay,NewsTamil 24X7,2026-05-20T15:43:33Z,AIADMK #EPS #SPVelumani #CVShanmugam #TamilNaduPolitics #TNPolitics #PoliticalNews #BreakingNews #LatestNews ...
Tamil Nadu Election 2026 AIADMK,HaDl8m-YgyE,RDX || வேலுமணி குழுவுக்கு ஆட்சியில் இடம் பெற வாய்ப்பில்லாததால் EPS கட்டுப்பாட்டுக்குள் கட்சி வருமா?,NewsTamil 24X7,2026-05-20T15:48:29Z,AIADMK #EPS #SPVelumani #CVShanmugam #TamilNaduPolitics #TNPolitics #PoliticalNews #BreakingNews #LatestNews ...
Tamil Nadu Election 2026 AIADMK,EDV4xI2ViBc,அமைச்சரவையில் அதிமுகவினருக்குஇடமில்லை  | TN Politics |,Fireline தமிழ்,2026-05-20T09:54:35Z,FireLineTamil| M K Stalin | Edappadi Palaniswami | TVK Vijay | Seeman | Annamalai | DMK | ADMK | BJP | Modi | Tamilnadu ...
Tamil Nadu Election 2026 AIADMK,U1FDfvbhUd8,திமுக திரும்பவும் களத்திற்கு வரும் | TN Politics News |,Fireline தமிழ்,2026-05-20T11:20:31Z,FireLineTamil| M K Stalin | Edappadi Palaniswami | TVK Vijay | Seeman | Annamalai | DMK | ADMK | BJP | Modi | Tamilnadu ...
Tamil Nadu Election 2026 AIADMK,NISbeHrYmQs,உதகமண்டலம் சட்டமன்ற தொகுதி - 2026 #2026election #tnpolitics,வரலாறு முக்கியம் அமைச்சரே,2026-05-21T02:30:31Z,உதகமண்டலம் சட்டமன்ற தொகுதி - 2026 #tnpolitics #dmk #admk #vijay #thalapathyvijay #mbhojarajan ...
Tamil Nadu Election 2026 AIADMK,HB8aRC2V5hM,ராசிபுரம் சட்டமன்றத் தொகுதி - 2026 #tnpolitics #2026election,வரலாறு முக்கியம் அமைச்சரே,2026-05-21T10:30:34Z,ராசிபுரம் சட்டமன்றத் தொகுதி - 2026 #tnpolitics #dmk #admk #vijay #thalapathyvijay ...
Tamil Nadu Election 2026 AIADMK,DAwj_ske_Hg,"RDX || திமுக கூட்டணியில் தொடர்ந்து கொண்டே VCK, IUML கட்சியும் அமைச்சரவையில் இடம் பெறுவது சரியா?",NewsTamil 24X7,2026-05-20T15:49:00Z,AIADMK #EPS #SPVelumani #CVShanmugam #TamilNaduPolitics #TNPolitics #PoliticalNews #BreakingNews #LatestNews ...
Tamil Nadu Election 2026 AIADMK,9RXlWOAPfdA,AIADMK internal fight 2026 | &quot;பொதுக்குழு எடுக்கும் முடிவாக எதுவாக இருந்தாலும் ஏற்போம்&quot; | EPS vs CV,News18 Tamil Nadu,2026-05-19T11:17:29Z,"AIADMK internal fight 2026 | ""பொதுக்குழு எடுக்கும் முடிவாக எதுவாக இருந்தாலும் ..."
Tamil Nadu Election 2026 AIADMK,0RQXm6eM2AI,இப்போ TVK யாரு?,Tamilarasan Parivallal,2026-05-22T04:45:31Z,"When TN Politics meets IPL drama: If CSK is DMK and MI is ADMK, then who is the real TVK of this season? Watch the full ..."
Tamil Nadu Election 2026 AIADMK,kKuf_T3fYFY,அதிமுகவை தவெக சேர்த்துக் கொண்டால் அது நல்லாட்சி என்ற வாக்குறுதிக்கு எதிரானது | CPM Shanmugam,NewsTamil 24X7,2026-05-20T02:14:29Z,TVK #CMVijay #ADMK #CPMShanmugam #TamilNaduPolitics #TNPolitics #VijayTVK #GoodGovernance #AlliancePolitics ...
Tamil Nadu Election 2026 AIADMK,R_6v-nyGhL0,முந்தைய அரசின் நல திட்டத்தை தொடர்வது பாராட்டுக்குரியது  | CM Vijay | Amma Unavagam | DMK | TVK,The Expose,2026-05-22T06:31:14Z,theexpose #cmvijay #ammaunavagam #jayalalitha #admk #publicopinion #mkstalin #stalin #publicopiniontamil ...
Tamil Nadu Election 2026 AIADMK,8CnvhRpc7PM,Tamilnadu assembly election new opinion poll 2026 #tamilnadu #tamilnadupolitics #dmk #aiadmk #tvk,Election news ,2026-02-14T13:21:06Z,Tamilnadu Assembly elections 2026! Who will the government!
Tamil Nadu Election 2026 AIADMK,uOLxIgVqRSU,&quot;சைக்கிளில் சென்று கட்சியை வளர்த்தவன் நான்&quot; - முன்னாள் சபாநாயகர் தனபால்! | ADMK Dhanapal Resign,NewsTamil 24X7,2026-05-21T08:26:48Z,AIADMK #Dhanapal #Resignation #PressMeet #TamilNaduPolitics #PoliticalNews #TamilNaduNews #FormerSpeaker ...
Tamil Nadu Election 2026 AIADMK,kR4oGCTZffc,இது அவர்கள் எடுத்த முடிவா? #vck #tvk #dmk #tnpolitics,Tamil Niram,2026-05-21T07:30:31Z,Tamilniram #thamimunansariinterview #thamimunansarilatestinterview #thamimunansari #admkissue #cvshanmugam ...
Tamil Nadu Election 2026 AIADMK,0TGRCgVrEAQ,Tamil Nadu Election 2026: AIADMK-DMK Clash Over &#39;Competitive Populism&#39; And Cash Schemes,India Today,2026-01-19T13:34:16Z,"On this Special Report, anchor Akshita Nandagopal examines the escalating political face-off in Tamil Nadu following the ..."
Tamil Nadu Election 2026 AIADMK,syvXhUvyYiw,Escape ஆன ஆனந்த் | TVK | Vijay | Damodharan Prakash,News Time TN,2026-05-21T06:45:22Z,"velumani tvk, aiadmk to tvk, tvk internal politics, tvk controversy tamil, vijay political buzz, tvk latest news tamil, thiruma tvk rumours, ..."
Tamil Nadu Election 2026 AIADMK,mwP3l0y2MBI,&quot;தவறு செய்தார்கள் அதற்கு அனுபவிக்கிறார்கள்&quot; - முன்னாள் சபாநாயகர் தனபால்! | ADMK Dhanapal Resign,NewsTamil 24X7,2026-05-21T08:32:05Z,AIADMK #Dhanapal #Resignation #PressMeet #TamilNaduPolitics #PoliticalNews #TamilNaduNews #FormerSpeaker ...
Tamil Nadu Election 2026 AIADMK,ZAbotYX6JIs,#dmk #admk #tvk #tvkfortn #vijay #cmvijay #bjp #election #2026,Team TVK,2026-05-21T08:47:14Z,
Tamil Nadu Election 2026 AIADMK,fSpIlOFmqgs,&quot;பல இடங்களில் என்னை புறக்கணித்தார்கள்&quot; - முன்னாள் சபாநாயகர் தனபால்! | ADMK Dhanapal Resign,NewsTamil 24X7,2026-05-21T08:47:23Z,AIADMK #Dhanapal #Resignation #PressMeet #TamilNaduPolitics #PoliticalNews #TamilNaduNews #FormerSpeaker ...
Tamil Nadu Election 2026 AIADMK,VJ8DLnT1h24,😱😱2026 Tamil Nadu Election Results LIVE 🔥 TVK Vijay Massive Win 😱 | #tvk #dmk #vijay,Public Exit poll,2026-05-21T01:00:11Z,2026 Tamil Nadu Election Results are out and TVK (Vijay) creates history with a massive victory! Watch this viral election ...
Tamil Nadu Election 2026 AIADMK,_Ta8J5u4-dw,அது முடிஞ்சி போன கதை பேசாதீங்க ! Dhanapal | CM VIjay  | ADMK |   tamilnadu politics,Gem Television,2026-05-21T08:45:01Z,அது முடிஞ்சி போன கதை பேசாதீங்க ! Dhanapal | CM VIjay | ADMK | tamilnadu politics #dhanapal ...
Tamil Nadu Election 2026 AIADMK,5E27PwgLjd8,ஊரெல்லாம் அலங்கோலம்... தவெக அராஜகம் | TVK | VCK | AIADMK | DMK | Damodharan Prakash,News Time TN,2026-05-20T15:30:08Z,"velumani tvk, aiadmk to tvk, tvk internal politics, tvk controversy tamil, vijay political buzz, tvk latest news tamil, thiruma tvk rumours, ..."
Tamil Nadu Election 2026 AIADMK,j-8X8-KbLss,அமைச்சரவையில் அதிமுக? சண்முகம் கொடுத்த ட்விஸ்ட் | CPM | TVK VIjay | CM Vijay | ADMK,NewsTamil 24X7,2026-05-20T08:44:21Z,CVShanmugam #CPM #TVK #CMVijay #TamilNaduPolitics #TNPolitics #PoliticalNews #BreakingNews #LatestNews #TopNews ...
Tamil Nadu Election 2026 AIADMK,mcykmoLohaQ,విజయ్ ప్రభుత్వం ఎప్పుడైనా కూలిపోవచ్చు#ThalapathyVijay #MKStalin #TamilNaduPolitics #TVK #DMK,VIBRANT AP,2026-05-20T11:30:24Z,విజయ్ ప్రభుత్వం ఎప్పుడైనా కూలిపోవచ్చు మాజీ సీఎం స్టాలిన్ ...
Tamil Nadu Election 2026 AIADMK,r5Zx7DAeta4,&quot;என்னுடைய மகன்அமைச்சராக பதவியேற்றுள்ளது சந்தோஷமாக உள்ளது &quot; - முன்னாள் சபாநாயகர் தனபால்! | Dhanapal,NewsTamil 24X7,2026-05-21T08:30:18Z,AIADMK #Dhanapal #Resignation #PressMeet #TamilNaduPolitics #PoliticalNews #TamilNaduNews #FormerSpeaker ...
Tamil Nadu Election 2026 AIADMK,Y5XUslTFSIE,திமுகவின் அநாகரிக பேச்சுக்கள் தொடர்ந்து கொண்டே இருக்கிறது! DMK அனிதா ராதாகிருஷ்ணன் TVK Fight....,Efrin world,2026-05-20T05:34:08Z,dmk #anitharadhakrishnan #efrinworld #tvk #tamil #tamilnews #tamilnadu #news #2026 #admk #vijay #mkstalin #uthayanithi ...
Tamil Nadu Election 2026 AIADMK,vPVdoZEEZxo,Tamil Nadu Election 2026 🔥 Final Seat Prediction Revealed!#tamilshorts#tamilnadu #tamilnews #tamil,REAL POLITICS JUNCTION ,2026-05-18T00:56:15Z,Tamil Nadu Election Results Prediction DMK vs AIADMK! #TamilNaduElections2026 #DMK #AIADMK #BJP #INC #TVK ...
Tamil Nadu Election 2026 AIADMK,GlrPSYp1C_I,கம்யூனிஸ்ட் ஆதரவு வாபஸ் அதிமுகவை சேர்க்கக் கூடாது  | TVK | CM Vijay | CPM |,Gem Television,2026-05-20T14:00:28Z,"In this compelling video, we delve into the political landscape of Tamil Nadu as CM Vijay discusses the implications of the ..."
Tamil Nadu Election 2026 AIADMK,wfhEV797EvY,"RDX || விரிவாகும் விஜய் கேபினெட்.. இடம்பெறாத SPV, CVS குழு? தவெகவுக்கு சாதகமா? பாதகமா?",NewsTamil 24X7,2026-05-20T15:47:56Z,AIADMK #EPS #SPVelumani #CVShanmugam #TamilNaduPolitics #TNPolitics #PoliticalNews #BreakingNews #LatestNews ...
Tamil Nadu Election 2026 AIADMK,wr-dsU9JzwA,AIADMK | Semmalai | EPS | SP Velumani | அதிகாரத்திற்கும் பதவிக்கும் ஆசைப்பட்டு யாரும் செல்லவில்லை,NewsTamil 24X7,2026-05-18T06:23:35Z,AIADMK #Semmalai #EPS #EdappadiPalaniswami #SPVelumani #CVShanmugam #CVijayabhaskar #TamilNaduPolitics ...
Tamil Nadu Election 2026 TVK,p7aeVR-o-FA,Dalit Ministers in TVK Cabinet | வரலாற்றில் முதல்முறை..7 தலித் அமைச்சர்கள்!சாதனை படைத்த தவெக | Vijay,ABP Nadu,2026-05-21T10:21:18Z,Dalit Ministers in TVK Cabinet | வரலாற்றில் முதல்முறை..7 தலித் அமைச்சர்கள்!சாதனை ...
Tamil Nadu Election 2026 TVK,HBrDXtg3TUY,TVK அமைச்சரவையில் இடம்பெற VCK-வுக்கு அழைப்பு - திருமா-வின் பதில் என்ன?,BBC News Tamil,2026-05-20T07:40:18Z,"VCK #TVK #TamilNadu இது, பிபிசிக்காக கலெக்டிவ் நியூஸ்ரூம் வெளியீடு To Join our ..."
Tamil Nadu Election 2026 TVK,K3l6DXa_uPQ,சீமான் பணம் தரமாட்டார்!,Gem Television,2026-05-21T13:30:13Z,TamilNaduPolitics #NathamSivasankaran #PoliticalInterview #NTK #TVK #TamilNadu oliticalInsights #TamilNadu ...
Tamil Nadu Election 2026 TVK,JpY3Lf9ATTg,Cm of Tamilnadu Vijay :) #thalapathyvijay #vijay #tvk #cmotamilnadu #breakingnewstamil #tamilnadu,Real Mudhalvan 26(Ft.Vijay),2026-05-20T18:15:07Z,
Tamil Nadu Election 2026 TVK,BIyWJ25lQek,காவலர்களை வெளுத்து வாங்கிய பெண் | CMVijay | TVK | Police,NewsTamil 24X7,2026-05-21T12:25:29Z,"CM Vijay Public Meeting, Vijay Public Speech, TVK Vijay Latest News, Tamilaga Vettri Kazhagam, CM Vijay Rally, Vijay Political ..."
Tamil Nadu Election 2026 TVK,v2iSt4JN8Gk,“ரீலில் இருந்து ரியலுக்கு வாங்க” CM விஜய்க்கு தமிழிசை அட்வைஸ் | Tamilsai Pressmeet | CM Vijay | TVK,NewsTamil 24X7,2026-05-21T02:59:25Z,TamilsaiSoundararajan #CMVijay #TVK #TamilNaduPolitics #PoliticalNews #TamilNews #TamilNewsLive #TopNews ...
Tamil Nadu Election 2026 TVK,T8rn8qeJcoE,Cm of Tamilnadu Vijay:) #thalapathyvijay #tvk #vijay #cmotamilnadu #breakingnewstamil #tamilnadu,Real Mudhalvan 26(Ft.Vijay),2026-05-22T05:30:00Z,
Tamil Nadu Election 2026 TVK,hTGUJs4SepU,Tamilisai slams Vijay | கேரள அரசியலில் தவெக? &quot;பிற மாநிலங்கள் விஜயிடம் எச்சரிக்கையா இருக்கணும்&quot; | TVK,ABP Nadu,2026-05-21T06:42:38Z,"Tamilisai slams Vijay | கேரள அரசியலில் தவெக? ""மற்ற மாநிலங்கள் விஜயிடம் ..."
Tamil Nadu Election 2026 TVK,kkIO5LluAfA,Cm Od Tamilnadu Vijay:) #thalapathyvijay #tvk #vijay #cmotamilnadu #breakingnewstamil #tamilnadu,Real Mudhalvan 26(Ft.Vijay),2026-05-21T14:45:26Z,
Tamil Nadu Election 2026 TVK,SMPqixUTCX4,Cm of Tamilnadu Vijay:) #thalapathyvijay #tvk #vijay #cmotamilnadu #breakingnewstamil #tamilnews,Real Mudhalvan 26(Ft.Vijay),2026-05-21T08:30:04Z,
Tamil Nadu Election 2026 TVK,fVlAIsQXWkY,Cm Of Tamilnadu Vijay:) #thalapathyvijay #tvk #vijay #cmotamilnadu #breakingnewstamil #tamilnadu,Real Mudhalvan 26(Ft.Vijay),2026-05-22T04:30:14Z,
Tamil Nadu Election 2026 TVK,G1DndoQY5Rk,அமைச்சரவையில் இடம் பெற திருமாவுக்கு அழைப்பு | Aadhav Arjuna Pressmeet | TVK | TN Govt | CM Vijay,NewsTamil 24X7,2026-05-20T05:27:57Z,AadhavArjuna #TVK #CMVijay #TamilNaduPolitics #SocialJustice #PressMeet #PoliticalNews #TamilNews #BreakingNews ...
Tamil Nadu Election 2026 TVK,KsA7f50fSyQ,MGR போல VIJAY இல்லை  | Avadi Kumar Blasts | ADMK Internal War 2026 | EPS | CV Shanmugam,Thamizh Alai Seithigal,2026-05-22T06:11:35Z,MGR போல VIJAY இல்லை | Avadi Kumar Blasts | ADMK Internal War 2026 | EPS | CV Shanmugam #AvadiKumar #ADMK ...
Tamil Nadu Election 2026 TVK,EHGiyH05TLs,"Tamilisai slams Vijay | &quot;டாஸ்மாக்ல பாட்டிலுக்கு 10 ரூபான்னு பாடுனீங்க, ஆனா இப்போ 20 ரூபா..&quot; | TVK",ABP Nadu,2026-05-21T03:19:40Z,"Tamilisai slams Vijay | ""டாஸ்மாக்ல பாட்டிலுக்கு 10 ரூபான்னு பாடுனீங்க, ஆனா ..."
Tamil Nadu Election 2026 TVK,4ACfNVyty1c,TVK - DMK #shorts #tvk #vijay #tvkvijay #tamilnadu #election #results2026 #trendingnews #sindhanai,Sindhanai,2026-05-19T11:00:24Z,TVK - DMK @sindhanai #tvk #vijay #tvkvijay #cmvijay #thalapathyvijay #udhayanidhi #tamilnadu #election #results2026 ...
Tamil Nadu Election 2026 TVK,tXmRUtpftYg,தவெகவிற்கு ஆதரவா.?  எதிர்ப்பா.?  | CPM Kanagaraj Interview About CPM Alliance With TVK,King 360,2026-05-22T06:30:12Z,தவெகவிற்கு ஆதரவா.? எதிர்ப்பா.? | CPM Kanagaraj Interview About CPM Alliance With TVK | CM Vijay ...
Tamil Nadu Election 2026 TVK,2VA5LQrVoIU,&quot;ஆட்சியில் பங்கு என்ற விசிகவின் முழக்கம் நிறைவேறியுள்ளது&quot; | VCK | Vanni Arasu | CM Vijay,NewsTamil 24X7,2026-05-22T05:11:10Z,VCK power sharing Tamil Nadu 2026 | VCK cabinet share fulfilled Tamil | Vanni Arasu speech latest Tamil | Thirumavalavan ...
Tamil Nadu Election 2026 TVK,N7LIvr1bm6g,This Is Vijay&#39;s Love For People Of Tamilnadu 🤔🥰😊#trending #news #vijay #tvkvijay #tvk,Cineulagu ,2026-05-20T00:30:33Z,
Tamil Nadu Election 2026 TVK,Ley2TCzBBew,Tamil Nadu Elections 2026: Record Voting as Vijay’s TVK Enters Electoral Battle | India Today,India Today,2026-04-23T17:26:17Z,"The recent polling phase in Tamil Nadu witnessed its highest-ever voter turnout, marking a significant moment in the state's ..."
Tamil Nadu Election 2026 TVK,PllPlNL51nc,Seeman on TVK | &quot;இவர் தான் வேட்பாளரா? வெளங்கிடும்டா நாடு டேய்&quot; புலம்பித்தள்ளிய சீமான் | Vijay | NTK,ABP Nadu,2026-05-19T08:18:54Z,"Seeman on TVK | ""இவர் தான் வேட்பாளரா? வெளங்கிடும்டா நாடு டேய்"" ..."
Tamil Nadu Election 2026 TVK,EEtc9HCr8Bc,Tamil Nadu Elections 2026: TVK Vijay Arrives To Vote In Chennai During #TVK #vijay #tamilnadu,India Today,2026-04-23T03:00:53Z,"Vijay, TVK chief, arrives at a polling station in Chennai to cast his vote in Assembly elections. #Vijay, #ThalapathyVijay, #TVK ..."
Tamil Nadu Election 2026 TVK,TBg_-PoJDWA,புதிய தமிழ்நாடு அமைச்சரவை 2026 🔥 | முதல்வர் விஜய் 33 அமைச்சர்கள் | TVK Government Update,ram_shares,2026-05-22T05:43:53Z,தமிழ்நாட்டின் புதிய அமைச்சரவை 2026 முதல்வர் விஜய் தலைமையில் 33 ...
Tamil Nadu Election 2026 TVK,ZdVxJ-rqaFU,Cm Of Tamilnadu Vijay:) #thalapathyvijay #tvk #vijay #cmotamilnadu #breakingnewstamil #tamilnadu,Real Mudhalvan 26(Ft.Vijay),2026-05-21T18:00:02Z,
Tamil Nadu Election 2026 TVK,cT9nTWEt1kU,TVK Minister Sarathkumar | HRD Minister | எனக்கு ரொம்ப PROUD-ஆ இருக்கு,NewsTamil 24X7,2026-05-21T11:00:09Z,TVK Human Resource Development Minister | Tambaram MLA Sarathkumar | TVK Cabinet Expansion Event #TVK #Sarathkumar ...
Tamil Nadu Election 2026 TVK,4vvdg4J4s9U,Cm of Tamilnadu Vijay:) #thalapathyvijay #vijay #tvk #cmotamilnadu #breakingnewstamil #tamilnadu,Real Mudhalvan 26(Ft.Vijay),2026-05-22T06:00:08Z,
Tamil Nadu Election 2026 TVK,iRD_XoUcero,Tamil Nadu Elections 2026 Update | Zoho Founder Vembu Praises TVK Chief Vijay&#39;s Rise | News18,CNN-News18,2026-05-01T06:21:27Z,"As the political landscape heats up ahead of the Tamil Nadu Assembly Elections 2026, comments from industry leaders are ..."
Tamil Nadu Election 2026 TVK,Etg3iSZW-nE,"Seeman on Congress | &quot;காங்கிரஸ் ஒரு செத்த பிணம், 10 ஆண்டுகளுக்கு முன்னாடியே அதை புதைச்சிருப்பேன்..&quot;",ABP Nadu,2026-05-19T07:16:50Z,"Seeman on Congress | ""காங்கிரஸ் ஒரு செத்த பிணம், 10 ஆண்டுகளுக்கு முன்னாடியே ..."
Tamil Nadu Election 2026 NTK,uHC99LRdhyI,பல்லாவரம் சட்டமன்றத் தொகுதி - 2026 #2026election #tnpolitics,வரலாறு முக்கியம் அமைச்சரே,2026-05-20T10:30:23Z,பல்லாவரம் சட்டமன்றத் தொகுதி - 2026 #tnpolitics #dmk #admk #vijay #thalapathyvijay #jkamatchi ...
Tamil Nadu Election 2026 NTK,npfe9nwTbEY,மதுரவாயல் சட்டமன்ற தொகுதி - 2026 #2026election #tnpolitics,வரலாறு முக்கியம் அமைச்சரே,2026-05-20T02:30:26Z,மதுரவாயல் சட்டமன்ற தொகுதி - 2026 #tnpolitics #dmk #admk #vijay #thalapathyvijay #prevanthcharan ...
Tamil Nadu Election 2026 NTK,2oRwYL1E5cc,Tamil Nadu Elections 2026 | N Ram&#39;s Prediction For 2026 Tamil Nadu Assembly Polls,NDTV,2026-01-30T09:30:06Z,"Speaking at NDTV Tamil Nadu Conclave on the 2026 Tamil Nadu polls, N. Ram says it is too early to predict exact numbers but ..."
Tamil Nadu Election 2026 NTK,c0dXcAHNM3k,மக்கள் கவர்ச்சியை தேடித்தான் ஓடுவார்கள்..!!! Seeman Speech | CM Vijay | NTK,NewsTamil 24X7,2026-05-19T03:21:48Z,seeman #ntk #tamilnadu #tamilnadupolitics #tamilnews #tamilnewslive #politicalnews #election2026 #tamilnaduelection2026 ...
Tamil Nadu Election 2026 NTK,0zThVxODV9g,போரிட்டு ஈரானை கைப்பற்றினால்தான் 6 சிலிண்டர்..!!! Seeman Speech | CM Vijay | NTK,NewsTamil 24X7,2026-05-19T03:22:49Z,seeman #ntk #tamilnadu #tamilnadupolitics #tamilnews #tamilnewslive #politicalnews #election2026 #tamilnaduelection2026 ...
Tamil Nadu Election 2026 NTK,p6NXgRmpc88,தூத்துக்குடி சட்டமன்றத் தொகுதி - 2026 #tnpolitics #2026election,வரலாறு முக்கியம் அமைச்சரே,2026-05-19T10:30:31Z,தூத்துக்குடி சட்டமன்றத் தொகுதி - 2026 #tnpolitics #dmk #admk #vijay #thalapathyvijay ...
Tamil Nadu Election 2026 NTK,PUjUqLoGdjU,Seeman Defeated by Dr. Prabhu in Karaikudi! 🔥 NTK Faces Setback in TN 2026,Elections Decoded,2026-05-21T14:30:21Z,"In the 2026 Tamil Nadu Legislative Assembly election, Dr. Prabhu T. K. from the Tamilaga Vettri Kazhagam secured a dominant ..."
Tamil Nadu Election 2026 NTK,H5mPih5yds4,Seeman on Vijay | &quot;பதவி ஏற்கும்போது தீய சக்தி எல்லாம் தூயசக்தியா மாறிடுச்சா விஜய்?&quot; | NTK | TVK,ABP Nadu,2026-05-19T06:38:23Z,"Seeman on Vijay | ""பதவி ஏற்கும்போது தீய சக்தி எல்லாம் தூயசக்தியா ..."
Tamil Nadu Election 2026 NTK,TuU0lNUzWRo,RDX | &#39;&#39;மூணு வருஷத்துக்கு முன்னால எங்கிட்ட வேல கேட்டவர்பா...&#39;&#39; இன்னைக்கு தமிழ்நாடு அமைச்சர்..!!,NewsTamil 24X7,2026-05-21T15:09:47Z,LIVE #Breaking #CMVijay #TVK #TVKGovernment #TVKMinisters #CabinetPortfolio #MinisterPortfolio #GovernorRajendraArlekar ...
Tamil Nadu Election 2026 NTK,SxFbDI6v_Nw,Tamil Nadu Election results 2026 | TN | tn election results,SKTN facts ,2026-05-16T03:20:17Z,SKTN facts SKTN Political facts ✨ Tamil Nadu Election results 2026 _ Tamil Nadu Assembly constituency information _ Tamil ...
Tamil Nadu Election 2026 NTK,3e3qzrGRAas,2021 vs 2026 வாக்கு வங்கி மாற்றம் | கட்சிகளின் வாக்கு சரிவு &amp; உயர்வு | NTK | DMK | ADMK | TVK | KVL,KVL Lawyers TV,2026-05-13T04:00:22Z,ELECTION FLASHBACK 2021 தேர்தலை ஒப்பிடும்போது 2026 தேர்தலில் எந்த ...
Tamil Nadu Election 2026 NTK,aCLPhyxs2n0,பெரம்பூர் தொகுதி தமிழக சட்டமன்ற தேர்தல் 2026 முடிவுகள் #shorts #shortsfeed #tvk #dmk #admk #ntk #pmk,rkr edit,2026-05-16T02:00:00Z,shorts #shortsfeed #cmstalin #TNElection2026​ #TamilNaduPolitics​ #TNPolitics​ #ElectionForecast​ #TNForecast​ ...
Tamil Nadu Election 2026 NTK,VP9_CiHzYfc,காங்கிரசின் புத்தி இப்போதுதான் திமுகவுக்கு தெரியும்! #seeman #ntk #rahulgandhi #congress #mkstalin,Raj News Tamil,2026-05-19T08:19:53Z,ராகுல் உங்களை மதிக்கல ஸ்டாலின் - காங்கிரசின் புத்தி இப்போதுதான் ...
Tamil Nadu Election 2026 NTK,ELW-DfVu6kE,ஒரு எழ*ம் தேவையில்லை! #seeman #ntk #tvk #tvkvijay,NativeNews Tamil,2026-05-19T08:34:55Z,seeman #seemanspeech #seemanpressmeet #seemanpressmeettoday #tvkvijay #tvk #tnelections2026 #naamtamilarkatchi ...
Tamil Nadu Election 2026 NTK,s216xLpw3LQ,"விஜய், சீமான் ,MK ஸ்டாலின், எடப்பாடி 2026 election public opinion #tnelection2026 #dmk #tvk #admk",TN Pulse,2026-03-28T04:15:11Z,"தெருவோட pulse: MK ஸ்டாலின், எடப்பாடி, விஜய், சீமான் – யாருக்குத்தான் ..."
Tamil Nadu Election 2026 NTK,cDBsfdx1hXc,Tamil Nadu Election 2026 LIVE: Vijay&#39;s &#39;Temple Run&#39; Ahead of Election Results | TVK | DMK | AIADMK,India Today,2026-04-28T16:37:04Z,Tamil Nadu Election 2026 LIVE: Vijay's 'Temple Run' Ahead of Election Results | TVK | DMK | AIADMK #tamilnadu2026 #dmkvs ...
Tamil Nadu Election 2026 NTK,G35cUU9ARYo,சென்னை மாவட்ட 2026 சட்டமன்றத் தேர்தல் முடிவுகள் #shorts #shortsfeed #dmk #tvk #admk #ntk #bjp #pmk,rkr edit,2026-05-18T07:00:10Z,shorts #shortsfeed #cmstalin #TNElection2026​ #TamilNaduPolitics​ #TNPolitics​ #ElectionForecast​ #TNForecast​ ...
Tamil Nadu Election 2026 NTK,jwMkL7Fuedc,&#39;&#39;ஆள் மாற்றம் ஆட்சி மாற்றத்திற்கு வந்த அரசியல்வாதிகள் அல்ல..!!&#39;&#39; Seeman Speech | CM Vijay | NTK,NewsTamil 24X7,2026-05-19T02:16:16Z,seeman #ntk #tamilnadu #tamilnadupolitics #tamilnews #tamilnewslive #politicalnews #election2026 #tamilnaduelection2026 ...
Tamil Nadu Election 2026 NTK,EZeHmK7aJNk,​🔥 Tamil Nadu Election 2026: C-Voter Survey Shocking Results! 😱 TVK vs DMK vs ADMK Who Will Win?#tvk,Anand gk study,2026-05-01T02:35:07Z,"Tamil Nadu Assembly Election 2026 | Mega Opinion Poll & C-Voter Survey Analysis . . . . . . . ​In this video, we dive deep into ..."
Tamil Nadu Election 2026 NTK,Ny6f0Eky7uQ,"Seeman on Vijay | &quot;வேடிக்கை காட்டினவன் உனக்கு தலைவனா தெரிஞ்சிருக்கான், ஒன்னும் பண்றதுக்கில்ல!&quot; | TVK",ABP Nadu,2026-05-19T07:51:13Z,"Seeman on Vijay | ""வேடிக்கை காட்டினவன் உனக்கு தலைவனா தெரிஞ்சிருக்கான், ..."
Tamil Nadu Election 2026 NTK,ViiPbrFK1kw,Tamil nadu election 2026 🔥 |  Tamil Actors &amp; Actress Vote | vijay | Trisha | TVK | Ajith #shorts,Star Talks Tamil,2026-04-23T16:00:13Z,"Tamil nadu election 2026 | Tamil Actors & Actress Vote | vijay | Trisha | TVK | Ajith #shorts Tamil Nadu Election 2026, TN ..."
Tamil Nadu Election 2026 NTK,usPGvXPwsiY,சீமானுக்கு  திமுக பங்காளியா?#tamilcinema #vijay #tvkvijay #seemanspeech #congress #election2026,Lines Media Tamil லைன்ஸ் மீடியா தமிழ் ,2026-05-21T14:30:33Z,நாம் தமிழர் கட்சி இனவாத கட்சி தான் சீமான் செய்தது நியாயமா ...
Tamil Nadu Election 2026 NTK,pungef3Hahg,women angry on trisha and vijay #urimaikural#seeman#ntk#dmk#vijay#tvk,Urimai Kural-உரிமைக்குரல்,2026-05-20T05:43:38Z,Promotions or Business Inquiries : WhatsApp - 8754519791 Email - navinsona1997@gmail.com.
Tamil Nadu Election 2026 NTK,h1HdlppCnH0,Seeman | NTK | Election 2026 | Election Commission,Thanthi TV,2026-03-25T03:01:08Z,ஓட்டுக்கு பணம் விமர்சனம்… மிமிக்ரியுடன் பிரசாரம் செய்த சீமான் ...
Tamil Nadu Election 2026 NTK,EzG5OfhF0Hk,&quot;போதை&quot;#vijay #seeman #mkstalin  #dmk #bjp #ntk #ntkspeech #tnpolitics #tamilnadunews #news #trending,Tamilnadu Political News,2026-05-21T10:01:19Z,
Vijay TVK Election 2026,JHJmFbLeK-Y,TVK ELECTION CAMPAIGN SONG - உங்க விஜய் நா வரேன்! Whistle அடிக்க ரெடியா?,Tamilaga Vettri Kazhagam,2026-04-01T14:34:04Z,
Vijay TVK Election 2026,p7spqCpyf_8,#dmk #admk #tvk #tvkfortn #vijay #cmvijay #bjp #election #2026,Team TVK,2026-05-21T08:46:53Z,
Vijay TVK Election 2026,QuYVMXHQEKk,தமிழக அரசு உத்தரவு #news #vijaytvk #tamilnews #tvk #tvkvijay #vijay #cmvijay #actorvijay #election,DHARUNKRISHNA ACADEMY ,2026-05-22T02:50:21Z,
Vijay TVK Election 2026,OENcJVPBPWI,திமுக தோல்விக்கு என்ன காரணம்? #publicopinion #dmk #tvkvijay #shorts #viralvideo #mkstalin #cmvijay,REACT TAMIZHA,2026-05-21T15:51:08Z,tvkvijay #cmvijay #tamilagavetrrikazhagam #dmk #election2026 #publicopinion #tvkgovernment திமுக ...
Vijay TVK Election 2026,URgjmvWSNw4,Thirumavalavan Meets Vijay In Panaiyur Great Gesture By TVK Anand💯🤔👈#news #trending #vijay #tvk,Cineulagu ,2026-05-21T13:12:11Z,
Vijay TVK Election 2026,h3zqYRXmEO0,2026 தேர்தலில் விஜய் சுனாமியா.? #pmk #anbumaniramadoss #tvk #vijay #tamilnews,Pattali Thozhan ,2026-05-21T02:10:12Z,
Vijay TVK Election 2026,IpsFUllnqVM,Vijay Uncle It&#39;s Very Wrong Uncle #election2026 #trolltvk #tvkfails #tvkfailstn #vijaycm #tvktroll,The Black Media ,2026-05-20T15:17:19Z,
Vijay TVK Election 2026,ZhvZbAgmH6A,CM Vijay போட்ட மூணு கையெழுத்துதான் உண்மை! - Journalist Indrakumar | TVK Fake News Exposed,Wow Tamizhaa Pulse,2026-05-21T09:30:12Z,TVK Fake News Tamil | விஜய்க்கு உருவாகும் மோடி இமேஜ்! - Journalist Indrakumar Explosive ...
Vijay TVK Election 2026,WHq0Tt71pVk,2026 தேர்தலில் தலை நிமிர்ந்த கட்சிகள் #TVK #PMK #election2026 #tamilnews #anbumaniramadoss #vijay,Pattali Thozhan ,2026-05-19T06:53:09Z,
Vijay TVK Election 2026,y8BIBEQJovo,MGR-ஐ மிஞ்சிய விஜய் அதுதான் உண்மை..! | #mgr #vijay #shorts #trending #cmvijay #tvk #publicopinion,REACT TAMIZHA,2026-05-21T12:54:56Z,tvkvijay #tncmoathceremony #josephvijay #CMVijayPublicreaction #Vijaypublicopinion MGR-ஐ மிஞ்சிய விஜய் ...
Vijay TVK Election 2026,lvNaEWA94MM,🔴LIVE | TVK Vijay | விஜய்க்கு வந்த Good News | TVK | Election 2026 | TN Assembly Election 2026,PuthiyathalaimuraiTV,2026-04-27T08:14:21Z,Puthiyathalaimuraitv #puthiyathalaimurainews #tnassemblyelection2026 #election2026 #tvkvijay LIVE | TVK Vijay ...
Vijay TVK Election 2026,k0OOU7Q4CTI,இது வெறும் டிரைலர் தான்... | TVK Vijay Latest News | TN Election 2026 | Kumudam News,Kumudam News 24x7,2026-04-24T16:39:06Z,tvkvijay #vijay #tvkvijayspeech #vijayspeech #election2026 #tnelectionnews #tamilagavettrikazhagam #kumudamnews ...
Vijay TVK Election 2026,RF9qfyUHklE,Vijay News | &#39;GOAT&#39; Movie DirectorVenkat Prabhu Gifts The Viral &#39;TN CM 2026&#39; Number Plate To Vijay,NDTV,2026-05-19T07:45:06Z,Director Venkat Prabhu has sent fans into a frenzy after gifting Tamil Nadu Chief Minister Vijay the iconic TN07 CM 2026 number ...
Vijay TVK Election 2026,XyXGfj7M6cc,Naalu podi pasanga #தளபதி#trending#shorts#tvk#wistle#vijay#thalapathy#goat#2026#election,Taxi mamy ,2026-05-19T07:06:15Z,
Vijay TVK Election 2026,mCpRvwoYr34,மக்கள் கேட்ட மாற்றம்🔥🥹 CM Vijay❤️🇪🇸 #vijay #tvk #tvkvijay #latestnews #speech,Dayal Here,2026-05-19T10:23:48Z,
Vijay TVK Election 2026,JcYGqcVLt_Q,"Thalapathy Vijay Drops TVK Manifesto For Tamil Nadu Elections 2026 | Can He Beat DMK, BJP, Congress",NDTV Profit,2026-04-16T11:39:09Z,Thalapathy Vijay takes a massive political leap as he unveils the TVK Party Manifesto LIVE ahead of the crucial Tamil Nadu ...
Vijay TVK Election 2026,RuBkcPLF_Wc,😲Shocking : CM VIJAY இப்படி பண்ணிட்டாரா🔥#tvk #vijay #cmvijay #publictalk #thalapathy #shorts #viral,CLICK CINEMA LOVERS,2026-05-16T04:46:13Z,Shocking : CM VIJAY இப்படி பண்ணிட்டாரா  #tvk #vijay #cmvijay #publictalk #thalapathy #shorts #viral ...
Vijay TVK Election 2026,y8C6sWKA9ZQ,33 MINISTERS LIST TVK GOVT #vijaycm#tn#tvkgovernment#cabinetministers#swearing#tnassembly#2026#video,15 பைசா,2026-05-21T08:51:39Z,
Vijay TVK Election 2026,4U_oVopigxU,ஆக்ரோஷமாக CM விஜய்யை விமர்சித்த சீமான் | Seeman Vs Vijay #cmvijay #seeman,Wow Tamizhaa Pulse,2026-05-19T11:32:10Z,LIKE | SHARE | SUBSCRIBE   @WowTamizhaaPulse Follow us : ➤ Website - https://www.wowtam.com ➤ Facebook ...
MK Stalin Election 2026,6QcG82T25aY,CM Stalin Fiery Speech | DMK Meeting | Election 2026 | Dravidian Model 2.0 | Sun News,Sun News,2025-10-28T10:28:31Z,cmstalin #cmstalinspeech #election2026 #sunnews CM Stalin Fiery Speech | DMK Meeting | Election 2026 | Dravidian Model 2.0 ...
MK Stalin Election 2026,mE-Q4wdTcUM,பென் நிறுவனத்தால் வீழ்ந்த ஸ்டாலின்!  | களத்தில் எடுபடாத திமுக! |,Saattai,2026-05-20T05:05:00Z,dmk #pen #mkstalin #election2026 மேலும் சில காணொளிகளை ⬇️ ▷ தவெகவின் அமைச்சரவை ...
MK Stalin Election 2026,GLzKaTJfzvk,Stalin Exposes TVK&#39;s Weakness? &quot;DMK Schemes Driving Governance&quot; | Vijay vs Stalin 2026 N18S,CNN-News18,2026-05-18T09:11:58Z,"DMK chief M. K. Stalin, speaking in Thanjavur, made a pointed remark about TVK leader Vijay, alleging that he “became CM by ..."
MK Stalin Election 2026,avJ-2fQ5K4M,Trichy | DMK MKStalin | ஒரு முடிவுடன் திருச்சியில் களமிறங்கிய மு.க.ஸ்டாலின்,NewsTamil 24X7,2026-05-18T02:05:55Z,"News Tamil 24x7 — Tamil Nadu's No.1 Tamil News Channel, live 24/7 on TV and YouTube. #MKStalin #DMK #Trichy ..."
MK Stalin Election 2026,lDhJp_9Ip5I,DMK Election Manifesto 2026 LIVE | CM Stalin Releases DMK Manifesto For Tamil Nadu Polls,NDTV,2026-03-30T01:37:45Z,The Dravida Munnetra Kazhagam (DMK) has released its election manifesto for the upcoming Tamil Nadu Assembly Elections ...
MK Stalin Election 2026,P7YPcJ72qq0,Trichy Airport | DMK Leader MK Stalin Arrived | TN Election 2026 | Sun News,Sun News,2026-05-18T05:20:34Z,trichyairport #dmk #mkstalin #sunnews Subscribe to Sun News Channel to stay updated - http://bit.ly/2Yyvgsi Hit Bell Icon to get ...
MK Stalin Election 2026,ftnLdGEOg-o,தற்குறிஸ் நல் #election2026 #tvkfails #tvkfailstn #vijaufails #dmk4tn #mkstalin #udhayanidhistalin,The Black Media ,2026-05-21T12:30:17Z,
MK Stalin Election 2026,aTpHHriX_t4,MK Stalin to contest in Trichy East | திருச்சி கிழக்கில் ஸ்டாலின் போட்டி?திமுக கூட்டத்தில் முடிவு!,ABP Nadu,2026-05-15T08:06:55Z,anbilmahesh #mkstalin #dmk #abpnadu MK Stalin Trichy East | திருச்சி கிழக்கில் ஸ்டாலின் ...
MK Stalin Election 2026,JUz4DAjMY5I,MK Stalin | Trichy East BY Poll | DMK,Thanthi TV,2026-05-15T07:29:16Z,MK Stalin | Trichy East Bypoll | இடைத்தேர்தலில் திருச்சி கிழக்கில் ஸ்டாலின் ...
MK Stalin Election 2026,n3TE5fvLJg8,MK Stalin Loses Kolathur; TVK’s VS Babu Stuns Tamil Nadu CM | TN Assembly Election Results 2026,Republic World,2026-05-04T11:08:00Z,MK Stalin Loses Kolathur; TVK's VS Babu Stuns Tamil Nadu CM | TN Assembly Election Results 2026 Tamil Nadu CM MK Stalin ...
MK Stalin Election 2026,TA1pL7GRuRA,Tamil Nadu Elections 2026 News: CM MK Stalin Votes With Family As Superstars Spark Frenzy,India Today,2026-04-23T08:05:41Z,Tamil Nadu Chief Minister MK Stalin cast his vote early morning along with family members at a polling booth in the Mylapore ...
MK Stalin Election 2026,LsVNVROWnZw,IUML TVK Alliance | Ministery | CM Vijay | MK Stalin Wishes | DMK Alliance | Sun News,Sun News,2026-05-21T08:24:00Z,iuml #tvk #cmvijay #dmk #mkstalin #sunnews Subscribe to Sun News Channel to stay updated - http://bit.ly/2Yyvgsi Hit Bell ...
MK Stalin Election 2026,Eck1Qy679GQ,#Vijay #TVK #MKStalin #DMK #TamilNaduPolitics #TamilPolitics #Election2026 #ThalapathyVijay #viral,Shorts with Suresh,2026-05-20T13:20:28Z,
MK Stalin Election 2026,POjZDTH5pdo,திட்டங்களை நிறைவேற்றியது திமுக ஆட்சி தான்! - MK Stalin Speech #cmvijay #mkstalin,Wow Tamizhaa Pulse,2026-05-19T09:14:18Z,LIKE | SHARE | SUBSCRIBE   @WowTamizhaaPulse Follow us : ➤ Website - https://www.wowtam.com ➤ Facebook ...
MK Stalin Election 2026,tbGOLvGHz6o,#MKStalin #DMK #TamilPolitics #PoliticalSpeech #Election2026 #BreakingTamil #TamilNews #Politiclnew,Smart News Tamil ,2026-05-18T14:12:16Z,BreakingNews #Trending #LatestUpdate #FlashNews #NewsAlert #TopStory #TrendingNow #HotNews #MegaUpdate #Buzz ...
MK Stalin Election 2026,AWkKtPEIpsQ,"Reason For DMK&#39;s Victory 2021 Elections, Defeat 2026 Elections - M.K.Stalin - Lord God Prophecies-1",MAMANITHAN IMMORTAL RULER,2026-05-21T06:16:14Z,"2021 தேர்தலில் திமுக வெற்றிக்கும், 2026 தேர்தலில் திமுக ..."
MK Stalin Election 2026,ZCclaSnTaxA,இதுதான் நிஜ நிலவரமா? - Journalist Indrakumar | TVK Fake News Exposed #cmvijay,Wow Tamizhaa Pulse,2026-05-21T10:00:48Z,TVK Fake News Tamil | விஜய்க்கு உருவாகும் மோடி இமேஜ்! - Journalist Indrakumar Explosive ...
MK Stalin Election 2026,7dn3Yjco-PQ,Tamil Nadu Elections 2026: M. K. Stalin Casts Vote in Kolathur,The Indian Express,2026-04-23T03:37:12Z,Tamil Nadu Chief Minister M. K. Stalin arrived at a polling station in Chennai to cast his vote during the Assembly Elections 2026.
MK Stalin Election 2026,bIDqCIQOriU,திருவிக நகர் சட்டமன்ற தொகுதி! 2026 தேர்தல் முடிவுகள் #tvkvijay #pallavitvk #porkodiarmstrong #dmk,Tamilnadu-politics ,2026-05-19T15:09:26Z,பொற்கொடி ஆமாஸ்ட்ரோங்கை வீழ்த்தி தவெக வேட்பாளர் பல்லவி வெற்றி!
MK Stalin Election 2026,T8jfk-nf2Eo,MK Stalin Emotional Post | TN Election Result 2026 | DMK | Tamilnadu People | Sun News,Sun News,2026-05-05T07:21:26Z,TNElectionResults2026 #TamilNaduElection2026 #TNAssemblyElection #VijayTVK #DMKvsAIADMK #ElectionResults2026 ...
MK Stalin Election 2026,Je3gYSU8nnA,🔥 விஜய் அரசு கவிழுமா..?மு.க. ஸ்டாலின் சொன்ன அதிர்ச்சி கணிப்பு! 😱,comedykaruthureviw,2026-05-20T09:15:38Z,விஜய் அரசு கவிழுமா..? மு.க. ஸ்டாலின் சொன்ன அதிர்ச்சி கணிப்பு!
MK Stalin Election 2026,1_KhqyD9ikI,Udhayanidhi Stalin | DMK | MK Stalin | Election 2026,Thanthi TV,2026-03-07T11:17:50Z,Udhayanidhi Stalin | 2026-ல் எந்த தொகுதி? - உதயநிதி வைத்த ட்விஸ்ட் #udhayanidhistalin #dmk ...
MK Stalin Election 2026,sFbi3RBAHkU,"Tamil Nadu Elections 2026 | MK Stalin in Tricky, Vijay To Arrive  | The Southern View LIVE",NDTV,2026-04-01T14:12:27Z,"Tamil Nadu Elections 2026 | MK Stalin in Tricky, Vijay To Arrive | The Southern View LIVE #TamilNaduElection #TamilNaduPolls ..."
MK Stalin Election 2026,BhasaFZQEtw,DMK | MK Stalin | DMK Alliance | Election 2026,Thanthi TV,2026-03-25T08:01:48Z,DMK || திமுகவின் அதிரடி கால்குலேஷன்.. வெளியான லிஸ்ட் - மீதம் எத்தனை?
MK Stalin Election 2026,O1e2zILzRww,முதல்வர் விஜய்யை வெளுத்து வாங்கிய மு.க.ஸ்டாலின்! - MK Stalin Speech #cmvijay #mkstalin,Wow Tamizhaa Pulse,2026-05-19T09:45:01Z,LIKE | SHARE | SUBSCRIBE   @wowtamizhaapulse Follow us : ➤ Website - https://www.wowtam.com ➤ Facebook ...
MK Stalin Election 2026,asQkmYVGnVE,🔴BREAKING: முதல்வர் ஸ்டாலினின் சொத்து மதிப்பு எவ்வளவு? | DMK | MK Stalin Asset | Election 2026,PuthiyathalaimuraiTV,2026-03-30T13:52:50Z,mkstalin | #election2026 BREAKING: முதல்வர் ஸ்டாலினின் சொத்து மதிப்பு எவ்வளவு?
MK Stalin Election 2026,8g1BxiuHWnI,#Live: #Elections2026 - திமுக தேர்தல் அறிக்கை வெளியீடு,M.K. STALIN,2026-03-29T13:40:41Z,mkstalin | #DRAVIDIANMODEL | #dmk | #mkstalin | #tngovt #dmk75 Connect with Thalaivar Stalin on: YouTube ...
MK Stalin Election 2026,LnBUkFmiz4k,DMK Campaign | MK Stalin | Election 2026 | Thanthitv,Thanthi TV,2026-04-11T09:55:56Z,DMK Campaign | ``நடிகர் பின்னால் செல்பவர்கள்.. விரைவில் ...
MK Stalin Election 2026,l9xJDsOkhzk,CM Vijay Meets Stalin News | Tamil Nadu Chief Minister Vijay Meets Ex-CM MK Stalin At His Home,NDTV,2026-05-11T10:45:12Z,"First visuals emerge of a key political moment in Tamil Nadu as Chief Minister Vijay meets his predecessor MK Stalin, signalling a ..."
MK Stalin Election 2026,6--CRiX9gIg,TVK Vijay | MK Stalin | DMK | Election 2026,Thanthi TV,2026-05-06T05:39:54Z,Thanthi TV Election Results 2026 | ``3.52..'' - உறுதியாக அடித்த ஸ்டாலின் #thanthitvelectionresults2026 ...
MK Stalin Election 2026,LBPIchHkjJM,🔴LIVE: Today Headlines | Puthiyathalaimurai Headlines | மதியம் தலைப்புச் செய்திகள் | 20.5.2026,PuthiyathalaimuraiTV,2026-05-20T09:57:00Z,Puthiyathalaimuraitv #CMVijay #ChiefMinisterVijay #CJosephVijay #ChandrasekaranJosephVijay #TNChiefMinisterVijay ...
MK Stalin Election 2026,zf_HGStaiVI,Tamil Nadu Elections 2026: CM MK Stalin Leaves From DMK HQ &#39;Arivalayam&#39; In Chennai #shorts,MIRROR NOW,2026-05-04T14:33:09Z,Tamil Nadu Elections 2026: CM MK Stalin Leaves From DMK HQ 'Arivalayam' In Chennai #shorts . . . #tamilnadu #tamilnadunews ...
MK Stalin Election 2026,SFjUheeN6Q4,வாணியம்பாடி சட்டமன்ற தொகுதி -2026 தேர்தல் முடிவுகள் #tvkvijay #iuml #tamilnadu #admk #dmk,Tamilnadu-politics ,2026-05-16T07:53:59Z,Vaniyambadi assembly seat 2026 results! #thalapathyvijay #iuml #mkstalin #tamilnadu #election2026 #arasiyal #tvkvijay.
EPS AIADMK Election 2026,2yRhjTLn1y8,AIADMK&#39;s Election Manifesto | listed by EPS | Election 2026 | TVK | BJP | Sun News,Sun News,2026-02-04T07:43:35Z,அதிமுக தேர்தல். வாக்குறுதி.. பட்டியலிட்ட EPS #sunnews #admk | #eps | #sunnews ...
EPS AIADMK Election 2026,OUGBwA8IYKA,AIADMK Election Manifesto 2026 | EPS | TN Election 2026 | THANTHITV,Thanthi TV,2026-03-24T12:39:55Z,அதிமுகவின் அதிரடி வாக்குறுதிகள் #aiadmk | #election2026 | #eps | #tnelection2026 | #thanthitv ...
EPS AIADMK Election 2026,VUzc46UMa5s,2026 Election - Reason For AIADMK&#39;s Defeat - Edappadi Palaniswami Not - Lord God Is The Reason-6,MAMANITHAN IMMORTAL RULER,2026-05-20T00:41:59Z,2026 தேர்தல் - அதிமுக தோல்விக்கு காரணம் - எடப்பாடி பழனிச்சாமி அல்ல ...
EPS AIADMK Election 2026,c9igTcj4rQU,AIADMK Manifesto | &quot;ரொம்ப நல்ல திட்டங்கள்.. வந்தா Usefull-ஆ இருக்கும்..&quot;  | EPS | TN Election 2026,NewsTamil 24X7,2026-01-18T05:45:05Z,EdappadiPalaniswami #EPS #AIADMK #AIADMKManifesto #FreeBus #FreebusforMen #rs2000forwomen #EPSPressMeet ...
EPS AIADMK Election 2026,watHzfGZ9J8,TN election results 2026 | ஆட்சியைக் கைப்பற்றுமா அதிமுக? | AIADMK | EPS,News18 Tamil Nadu,2026-05-03T11:48:42Z,TN election results 2026 | ஆட்சியைக் கைப்பற்றுமா அதிமுக? | AIADMK | EPS #AIADMK #EPS ...
EPS AIADMK Election 2026,96Vi_-bg8_o,EPS | AIADMK | election2026,Thanthi TV,2026-04-05T11:30:16Z,அதிமுகவை EPS பாஜகவிற்கு விற்று விட்டார்'' - துணை முதல்வர் பகீர் ...
EPS AIADMK Election 2026,j06xvbiKDIM,ADMK | EPS | தேர்தல் வாக்குறுதிகளை வெளியிட்டார் ஈபிஎஸ்!! | TN Assembly Election 2026 | Tamil News,News18 Tamil Nadu,2026-02-04T07:36:08Z,ADMK | EPS | தேர்தல் வாக்குறுதிகளை வெளியிட்டார் ஈபிஎஸ்!! | TN Assembly Election ...
EPS AIADMK Election 2026,Cos0LAr5X1o,2026 Election - Reason For AIADMK&#39;s Defeat - Edappadi Palaniswami Not - Lord God Is The Reason-1,MAMANITHAN IMMORTAL RULER,2026-05-20T00:28:05Z,2026 தேர்தல் - அதிமுக தோல்விக்கு காரணம் - எடப்பாடி பழனிச்சாமி அல்ல ...
EPS AIADMK Election 2026,qGlqy24J10k,#tvkvijay #admk #eps #election2026 #cvshanmugam #aiadmk,Big Mount TV,2026-05-13T16:08:29Z,"Admk, dmk, eps, vijay, tvk vijay, cv shanmugam, admk, admk Mla members."
EPS AIADMK Election 2026,YMK1JE_Njc8,2026 Election - Reason For AIADMK&#39;s Defeat - Edappadi Palaniswami Not - Lord God Is The Reason-38,MAMANITHAN IMMORTAL RULER,2026-05-20T02:00:56Z,2026 தேர்தல் - அதிமுக தோல்விக்கு காரணம் - எடப்பாடி பழனிச்சாமி அல்ல ...
EPS AIADMK Election 2026,lgMCZ8vTLns,2026 Election - Reason For AIADMK&#39;s Defeat - Edappadi Palaniswami Not - Lord God Is The Reason-24,MAMANITHAN IMMORTAL RULER,2026-05-20T01:23:50Z,2026 தேர்தல் - அதிமுக தோல்விக்கு காரணம் - எடப்பாடி பழனிச்சாமி அல்ல ...
EPS AIADMK Election 2026,lThlV5L7xvc,2026 Election - Reason For AIADMK&#39;s Defeat - Edappadi Palaniswami Not - Lord God Is The Reason-23,MAMANITHAN IMMORTAL RULER,2026-05-20T01:20:56Z,2026 தேர்தல் - அதிமுக தோல்விக்கு காரணம் - எடப்பாடி பழனிச்சாமி அல்ல ...
EPS AIADMK Election 2026,1TLw_Wqa0As,"2026 Election | AIADMK Received | 11,000 Applications | EPS | Sun News",Sun News,2026-01-04T06:45:50Z,2026election | #aiadmk #received | 11000 #applications | #eps | #sunnews Subscribe to Sun News Channel to stay updated ...
EPS AIADMK Election 2026,_M2urSw088A,2026 Election - Reason For AIADMK&#39;s Defeat - Edappadi Palaniswami Not - Lord God Is The Reason-41,MAMANITHAN IMMORTAL RULER,2026-05-20T02:06:18Z,2026 தேர்தல் - அதிமுக தோல்விக்கு காரணம் - எடப்பாடி பழனிச்சாமி அல்ல ...
EPS AIADMK Election 2026,1d8aV3Nu-fs,AIADMK Election Manifesto 2026 | EPS | TN Election 2026 | வெளியானது அதிமுகவின் 2026 தேர்தல் அறிக்கை,Thanthi TV,2026-03-24T12:12:56Z,aiadmk | #election2026 | #eps | #tnelection2026 | #thanthitv AIADMK Election Manifesto 2026 | EPS | TN Election 2026 ...
EPS AIADMK Election 2026,L7poQyE_84o,AIADMK Manifesto | &quot;வீடு கொடுத்தா ரொம்ப சந்தோஷம்..&quot; | EPS | TN Election 2026,NewsTamil 24X7,2026-01-18T05:40:00Z,EdappadiPalaniswami #EPS #AIADMK #AIADMKManifesto #FreeBus #FreebusforMen #rs2000forwomen #EPSPressMeet ...
EPS AIADMK Election 2026,mWOT05f27O8,2026 Election - Reason For AIADMK&#39;s Defeat - Edappadi Palaniswami Not - Lord God Is The Reason-13,MAMANITHAN IMMORTAL RULER,2026-05-20T00:59:23Z,2026 தேர்தல் - அதிமுக தோல்விக்கு காரணம் - எடப்பாடி பழனிச்சாமி அல்ல ...
EPS AIADMK Election 2026,aTkZDlyK0RY,ADMK Sellurraju Speech | OPS | EPS | NDA Alliance | 2026 Election | Sun News,Sun News,2026-01-19T10:06:25Z,admk #sellurraju #sunnews Subscribe to Sun News Channel to stay updated - http://bit.ly/2Yyvgsi Hit Bell Icon to get alerted ...
EPS AIADMK Election 2026,dFG2TnsYY0U,ADMK Election Manifesto Announcement | Edappadi Palanisamy | 2026 Election | NDA Alliance | Sun News,Sun News,2026-02-24T07:24:03Z,admk #edappadipalanisamy #manifesto #sunnews Subscribe to Sun News Channel to stay updated - http://bit.ly/2Yyvgsi Hit ...
EPS AIADMK Election 2026,uHYOc-oDpwg,Sudheesh | DMDK | Press Meet | DMK | EPS | ADMK | Election 2026 | Sun News,Sun News,2026-03-15T08:32:12Z,sudheesh | #dmdk | Press Meet | #dmk | #eps | #admk | #election2026 | #sunnews Subscribe to Sun News Channel to stay ...
EPS AIADMK Election 2026,aOwLv9-1ViM,EPS | ADMK | Edappadi | எடப்பாடி தொகுதியில் 8வது முறையாக ஈபிஎஸ் வெற்றி | TN Result 2026,News18 Tamil Nadu,2026-05-05T02:19:43Z,EPS | ADMK | Edappadi | எடப்பாடி தொகுதியில் 8வது முறையாக ஈபிஎஸ் வெற்றி | TN ...
EPS AIADMK Election 2026,6tZZfxmtL0Q,"Tamil Nadu Assembly Elections 2026: EPS Casts Vote In Edappadi, AIADMK Leader Faces High-Stakes Test",India Today,2026-04-23T03:53:46Z,"AIADMK General Secretary Edappadi K. Palaniswami cast his vote at a polling booth in Silvapalyam, located in his home ..."
EPS AIADMK Election 2026,4QxtxgKUjA4,EPS | ADMK | TN Politics,Thanthi TV,2026-05-21T14:51:48Z,EPS | AIADMK | TN Politics | பரபரப்பான சூழலில் ஈபிஎஸ் தரப்பு முக்கிய ஆலோசனை.. #EPS ...
EPS AIADMK Election 2026,0Ajt58LYd94,TN Election 2026 | EPS Latest Speech | BJP | ADMK | Sun News,Sun News,2025-12-19T04:53:22Z,tnelection2026 #Eps #sunnews Subscribe to Sun News Channel to stay updated - http://bit.ly/2Yyvgsi Hit Bell Icon to get ...
EPS AIADMK Election 2026,ITPA7zKqiGo,ADMK | EPS | அதிமுக தேர்தல் அறிவிப்புகள்!! - ஈபிஎஸ் வெளியீடு!! | TN Assembly Election 2026,News18 Tamil Nadu,2026-01-17T12:54:33Z,ADMK | EPS | அதிமுக தேர்தல் அறிவிப்புகள்!! - ஈபிஎஸ் வெளியீடு!! | TN Assembly ...
EPS AIADMK Election 2026,9Ru0BlDF6aE,EPS | admk | nda | tn election | tn election 2026,Thanthi TV,2026-04-19T15:16:24Z,யார் யாருக்கு போட்டி?'' உடைத்து பேசிய EPS #tnelection2026 #tamilnaduelection2026 ...
EPS AIADMK Election 2026,OowO25SgE7M,EPS | AIADMK | 2026 Election Campaign | New Party Alliance | Shorts | Sun News,Sun News,2025-07-17T02:43:26Z,eps | #aiadmk | #2026election #campaign | #newparty #alliance | #shorts | #sunnews Subscribe to Sun News Channel to stay ...
EPS AIADMK Election 2026,f0WJJie2b3A,"EPS | ஒவ்வொரு குடும்பத்திற்கும் ரூ.10,000: ஈபிஎஸ் வாக்குறுதி | ADMK | TN Election 2026",News18 Tamil Nadu,2026-02-24T12:22:52Z,EPS | ஒவ்வொரு குடும்பத்திற்கும் ரூ.10000: ஈபிஎஸ் வாக்குறுதி | ADMK | TN ...
EPS AIADMK Election 2026,yeMpSvsaZeo,ADMK Alliance Confirmed | Anbumani | Ramadoss | EPS | PMK | Elections 2026 | Sun News,Sun News,2026-01-07T09:51:52Z,ADMK Alliance Confirmed | Anbumani | Ramadoss | EPS | PMK | Elections 2026 | Sun News அதிமுக ...
EPS AIADMK Election 2026,J51p9lnSwjk,Tamil Nadu Elections 2026: Edappadi K. Palaniswami Casts Vote In Salem For Polls #tamilnadu,India Today,2026-04-23T03:47:14Z,Edappadi K. Palaniswami casts his vote at a polling station in Siluvampalayam during Tamil Nadu Assembly elections. #EPS ...
EPS AIADMK Election 2026,e9-gcYnvVfY,ADMK Edappadi Palanisamy Election Statement | TN Election Result 2026 | Sun News,Sun News,2026-05-05T07:11:50Z,TNElectionResults2026 #TamilNaduElection2026 #TNAssemblyElection #VijayTVK #DMKvsAIADMK #ElectionResults2026 ...
EPS AIADMK Election 2026,yqBnC8NpGS4,AIADMK Manifesto | எடப்பாடியார் வாக்குறுதிகளை வரவேற்கிறோம்.. | EPS | TN Election 2026,NewsTamil 24X7,2026-01-18T06:15:04Z,EdappadiPalaniswami #EPS #AIADMK #AIADMKManifesto #FreeBus #FreebusforMen #rs2000forwomen #EPSPressMeet ...
EPS AIADMK Election 2026,WpzIGtRtTrM,ops | eps | ttvdhinakaran | admk | election2026,Thanthi TV,2026-01-28T06:09:14Z,அதிமுக இணைப்பு குறித்து OPS சொன்ன `அந்த' டயலாக் #ops #eps #ttvdhinakaran #admk ...
EPS AIADMK Election 2026,q3Kqtic52EA,"AIADMK | EPS | Ex-Ministers | Election 2026 | 10,715 Applications | Sun News",Sun News,2026-01-01T15:53:23Z,aiadmk #eps #Exministers #election2026 #sunnews அதிமுகவில் பெரும் குழப்பம்! தொகுதி ...
EPS AIADMK Election 2026,ucWbTfiuGxM,AIADMK | EPS | அதிமுக ஆட்சி மன்ற குழுவில் புதிதாக 3 பேர் சேர்ப்பு | Election 2026,News18 Tamil Nadu,2026-03-15T10:23:09Z,AIADMK | EPS | அதிமுக ஆட்சி மன்ற குழுவில் புதிதாக 3 பேர் சேர்ப்பு | Election ...
EPS AIADMK Election 2026,CQJEdS-c1nk,அபார வெற்றி பெற்ற கே.பழனிசாமி! | EPS | ADMK,PuthiyathalaimuraiTV,2026-05-04T17:46:06Z,TNElectionResults #TamilNaduElectionResults #TamilNaduElectionResult #TamilNaduAssemblyElectionResults ...
EPS AIADMK Election 2026,Z1NCw-amYmA,"EPS | ஒவ்வொரு குடும்பத்திற்கும் ரூ. 10,000: ஈபிஎஸ் வாக்குறுதி | ADMK | TN Election 2026",News18 Tamil Nadu,2026-02-24T22:30:10Z,EPS | ஒவ்வொரு குடும்பத்திற்கும் ரூ. 10000: ஈபிஎஸ் வாக்குறுதி | ADMK | TN ...
Seeman NTK Election 2026,ryxsm509yyA,Seeman | NTk | Vijay | tvk #tvkvijay #seeman,Big Mount TV,2026-05-19T05:50:45Z,NTK chief Seeman has once again ignited political controversy with his explosive statement against the current political system.
Seeman NTK Election 2026,uaA8DCDJ_Eo,NTK election results 2026 | தேர்தலில் தாக்கத்தை ஏற்படுத்துமா நாதக? | Seeman,News18 Tamil Nadu,2026-05-03T11:46:26Z,NTK election results 2026 | தேர்தலில் தாக்கத்தை ஏற்படுத்துமா நாதக? | Seeman WATCH ...
Seeman NTK Election 2026,8x-CkPgojV0,இவர் மாதிரி கேரளால இருந்தா கொண்டாடியிருப்போம்.  #seeman #ntk,SEEMAN VOICE,2026-05-20T13:22:15Z,ntk #tvkvijay #tvk #bjp #dmk #admk #seeman #seemanvoice #latesttamilnews #seemanlatestspeech #seemanlatest.
Seeman NTK Election 2026,1uONSMMkfWs,"NTK Seeman | &quot;2029, 2031 தேர்தலிலும் நாதக தனித்தே போட்டி&quot; | TN Assembly Election 2026 | Tamil News",News18 Tamil Nadu,2026-04-22T02:14:28Z,"NTK Seeman | ""2029, 2031 தேர்தலிலும் நாதக தனித்தே போட்டி"" | TN Assembly Election 2026 | Tamil ..."
Seeman NTK Election 2026,qAoKPouLBeU,Tamil Nadu Elections 2026: Senthamilan Seeman Casts Vote #TAMILNADU #senthamizhseeman,India Today,2026-04-23T03:06:49Z,Senthamilan Seeman casts his vote at a polling station in Neelankarai as Tamil Nadu heads to polls. #Seeman ...
Seeman NTK Election 2026,BOBE1X3i0nA,10 லட்சம் கடனாம்...விஜயை விளாசிய சீமான்! | The Debate | Seeman | CM Vijay,The Debate,2026-05-19T06:16:26Z,seeman #seemanspeech #ntk #tnelection2026 #tamilnaduassemblyelection2026 #naamtamilarkatchi #thedebate #tamilnews ...
Seeman NTK Election 2026,JJHdi9Ob3UE,அவனுக்கு பிரச்சன நா ஆமைக்கறி தின்னனா.. #seeman #ntk,SEEMAN VOICE,2026-05-20T08:41:33Z,ntk #tvkvijay #tvk #bjp #dmk #admk #seeman #seemanvoice #latesttamilnews #seemanlatestspeech #seemanlatest.
Seeman NTK Election 2026,7t7TqV1eJcY,”நான் போட்டியிடும் தொகுதி” போட்டுடைத்த சீமான்! | Seeman | Election 2026,ABP Nadu,2025-06-28T14:15:01Z,election2026 #seeman #ntk #mkstalin #dmk #tamilnews #abpnadu ”நான் போட்டியிடும் தொகுதி” ...
Seeman NTK Election 2026,4-XmCciBRE8,🔥🤬சீமான் மக்கள ஏமாத்துறாரு #publicopinion #opiniontamil #tvkvijay #seeman #trending #election2026,TALK TUBE,2026-05-09T01:51:00Z,சீமான் மக்கள ஏமாத்துறாரு #publicopinion #opiniontamil #tvkvijay #seeman #trending #election2026 ...
Seeman NTK Election 2026,nXyt6dyR5Ts,சினிமாலேயே இருந்திருப்பேன் | வருஷத்துக்கு 2 படம் எடுத்திருப்பேன் | சீமான் பேச்சு #Seeman #TVK,TVK NEWS ,2026-05-19T12:00:27Z,வருஷத்துக்கு 2 படம் எடுத்து பொழச்சிட்டு இருந்துருப்பேன்...” என்று ...
Seeman NTK Election 2026,FumtRwaL_lw,Savukku Shankar Talk About Seeman and Vijay | Savukku Shankar latest video ￼,NBYTE Media,2026-05-16T03:02:16Z,Savukku Shankar Talk About Seeman and Vijay | Savukku Shankar latest video #TamilNaduElections | #ElectionResults ...
Seeman NTK Election 2026,IUZJxu58mg0,TVK 💥 6 சிலிண்டர்!🤯 19.05.2026 #seeman #ntk #vijay #cylinder #tvk #dmk #viral #news #politics #news,தமிழ் Newspaper 🗞️,2026-05-19T18:10:57Z,tamilnewspapers @tamil newspaper 🗞️ #tamilnews #tamilnewschannel #tamilnewspaper #reaction #nakkaltamilan001 ...
Seeman NTK Election 2026,w1wOAyMKY78,NTK | Seeman | Farmer | Election 2026,Thanthi TV,2026-02-27T03:17:21Z,நாம் தமிழர் கட்சிக்கு புதுச்சேரியிலும் விவசாயி சின்னம் ...
Seeman NTK Election 2026,rG60cFWG2ho,சுவிட்சர்லாந்து நாட்டுக்குச் செல்லப்போறார் சீமான் 😍 | MaayaValai #seeman #ntk,MaayaValai | மாயவலை,2026-05-20T10:55:49Z,Connect with MaayaValai Online: Subscribe to get the latest Tamil news and Movie updates: ...
Seeman NTK Election 2026,w7BWYMQcwW8,சீமானை கிழித்தெடுத்த  இலங்கை MP அர்ச்சுனா🔥 | TVK | Vijay | Srilankan MP | Archchuna | Seeman | NTK,thinkpoliticztn,2026-05-21T15:01:25Z,cmvijay #vijay #seeman #seemantrollvideo #tvkvijay #srilankanparliament #vijayspeech #archchuna #ramanathanarchchuna Full ...
Seeman NTK Election 2026,wWLypaC1KI0,Seeman Speech | ஆக்ரோஷமாக முதல்வர் விஜயை விமர்சித்த சீமான் | Vijay | TVK | NTK | MK Stalin | DMK,PuthiyathalaimuraiTV,2026-05-18T17:31:57Z,PuthiyathalaimuraiTV #seeman #ntk #seemanspeech #tvk #cmvijay #tamilagavettrikazhagam Seeman Speech ...
Seeman NTK Election 2026,IiIACRMGvyI,காங்கிரஸ் யாருனு திமுகவுக்கு...சீமான் அதிரடி பேச்சு! | The Debate | Seeman | CM Vijay,The Debate,2026-05-19T08:15:39Z,seeman #seemanspeech #ntk #tnelection2026 #tamilnaduassemblyelection2026 #naamtamilarkatchi #thedebate #tamilnews ...
Seeman NTK Election 2026,5_KCeTJV7OU,Seeman Campaign | TN Election 2026 | NTK | Latest News | Tamil news | Sunnews,Sun News,2026-04-19T04:35:31Z,TNElection2026 #SunNews Subscribe to Sun News Channel to stay updated - http://bit.ly/2Yyvgsi Hit Bell Icon to get alerted ...
Seeman NTK Election 2026,c22czKxuxak,பொண்ணு பாத்துட்டு காத்திரு...தாய் மாமன் சீர் வரும்... | The Debate | Seeman | CM Vijay,The Debate,2026-05-19T08:00:10Z,seeman #seemanspeech #ntk #tnelection2026 #tamilnaduassemblyelection2026 #naamtamilarkatchi #thedebate #tamilnews ...
Seeman NTK Election 2026,hEW2_LVe9ek,Seeman Attacks Vijay | &quot;வேடிக்கை காட்றவன் தலைவன் நாடு விளங்கிடும்டா..&quot; முதல்வரைச் சாடிய சீமான் | TVK,ABP Nadu,2026-05-19T02:37:29Z,"Seeman Attacks Vijay | ""வேடிக்கை காட்றவன் தலைவன் நாடு விளங்கிடும்டா."
Seeman NTK Election 2026,f5rMTiAMOBo,"ஒரு நொடி டா ஊழல், லஞ்சம் ஒழிஞ்சிடுச்சு டா! #seeman #ntk",SEEMAN VOICE,2026-05-21T11:37:13Z,ntk #tvkvijay #tvk #bjp #dmk #admk #seeman #seemanvoice #latesttamilnews #seemanlatestspeech #seemanlatest.
Seeman NTK Election 2026,7hsVkujjN3s,வரமாட்டேன்🤷#Seeman#NaamTamilar#NTK#SeemanSpeech#TamilPolitics#TamilNaduPolitics#TrendingNow,RAVANAN IS BACK ,2026-05-20T00:53:15Z,
Seeman NTK Election 2026,KdYB80t4YW4,Seeman | TVK Vijay | TN Election 2026 | பிரசாரத்தில் விஜயை கிண்டல் செய்த சீமான் | NTK Campaign,Sun News,2026-04-14T07:11:33Z,TNElection2026 #SunNews Subscribe to Sun News Channel to stay updated - http://bit.ly/2Yyvgsi Hit Bell Icon to get alerted ...
Seeman NTK Election 2026,SUxd0yHYUNA,மனுகொடுக்க வா அன்னைக்கு இருக்கு #seeman #ntk #tvk #tvkvijay,NativeNews Tamil,2026-05-19T08:28:21Z,seeman #seemanspeech #seemanpressmeet #seemanpressmeettoday #tvkvijay #tvk #tnelections2026 #naamtamilarkatchi ...
Seeman NTK Election 2026,XqqzI5Wk2Ks,NTK | Seeman | TVK Vijay | Election 2026,Thanthi TV,2026-03-08T09:00:30Z,"""எதுக்கு வந்தாருன்னு அவருக்கே தெரியல"" - மேடையிலேயே விளாசிய சீமான் ..."
Seeman NTK Election 2026,dTdOieULtQI,பிரகாசமா இருக்கு | NTK Seeman | Karaikudi Survey | Public Opinion | TN Election 2026,Eyes of Tamil Nadu,2026-03-28T01:30:31Z,பிரகாசமா இருக்கு | NTK Seeman | Karaikudi Survey | Public Opinion | TN Election 2026 Join this channel to get ...
Seeman NTK Election 2026,jzg-lJ9-QXc,LIVE: SEEMAN | NTK Candidates List For 2026 Election | 100 வேட்பாளர்களை அறிவித்த சீமான் | Tamil News,News18 Tamil Nadu,2025-12-05T17:16:57Z,LIVE: 100 வேட்பாளர்களை அறிவித்த சீமான் | Tamil News | SEEMAN | NTK Candidates List For Election ...
Tamil Nadu election opinion poll 2026,YfzErD-CZBA,tamilnadu assembly election opinionpoll survey #tamilnadu #tamil#tamilshorts #tamilnews #ytshorts,Royal sb short,2026-05-21T11:58:19Z,தமிழ்நாடு தேர்தல் கடும் போட்டி  யார் ஜெயிப்பார்? #dmk​​ ...
Tamil Nadu election opinion poll 2026,p6fn1HJKA4c,Tamil Nadu Assembly Election 2026: Latest C-Voter Opinion Poll Analysis 🔥🚨,opinion polls devraj,2026-04-23T00:40:44Z,"Tamil Nadu Assembly Election 2026: Latest C-Voter Opinion Poll Analysis . . . . In this video, we dive deep into the latest ..."
Tamil Nadu election opinion poll 2026,YoFnbs1pneI,Tamilnadu assembly election 2026 New opinion poll survey came out #tamilnadupolitics #tamilshorts,MR ARUN FACT,2026-05-19T02:24:40Z,tamilnaduelection2026 #tamil #congress #opinionpoll #bjp #bjp4india #pmelection2029 #pmmodi #rahulgandhi#keralapolitics ...
Tamil Nadu election opinion poll 2026,6ltJf0IQjl4,Tamil Nadu Elections 2026 | Tamil Nadu Votes Big: Here&#39;s A Look At How Different Districts Voted,NDTV,2026-04-24T09:26:47Z,"Tamil Nadu records a strong voter turnout of 85.1% as of 9:30 pm, signalling high electoral participation across the state."
Tamil Nadu election opinion poll 2026,uJeECOPbjYg,Tamil Nadu Elections 2026 | N Ram&#39;s Prediction For 2026 Tamil Nadu Assembly Polls,NDTV,2026-01-30T16:01:26Z,"Speaking at NDTV Tamil Nadu Conclave on the 2026 Tamil Nadu polls, N. Ram says it is too early to predict exact numbers but ..."
Tamil Nadu election opinion poll 2026,rRf8Thhr5kw,2026Tamil Nadu Opinion Poll:क्या एक्टर&#39;विजय&#39;बनेगे किगमेकर?देखिए लेटेस्ट सर्वे रिपोर्ट#tnelection2026,election updates,2026-04-23T15:37:14Z,2026Tamil Nadu Opinion Poll:क्या एक्टर'विजय'बनेगे किगमेकर?देखिए लेटेस्ट सर्वे ...
Tamil Nadu election opinion poll 2026,MGpWZE71x2c,Tamil Nadu 2026: Pramod Madhav Analyzes Vijay’s Vote Share And Congress Alliance Buzz | India Today,India Today,2025-12-20T13:26:46Z,"In this broadcast, India Today's Pramod Madhav discusses the political landscape of Tamil Nadu ahead of the 2026 elections."
Tamil Nadu election opinion poll 2026,1qpLY1QkrrU,🔥Tamil Nadu Exit Poll 2026: TVK vs DMK vs AIA! कौन करेगा तमिलनाडु पर राज #shorts #dmk #pmk 📈🔥,Desh Ki Rajneeti,2026-05-21T16:54:48Z,Andhra Pradesh Election 2029 Opinion Poll: TDP vs YSRCP vs JSP! कौन करेगा आंध्र प्रदेश पर राज?
Tamil Nadu election opinion poll 2026,ZkQMFhT3MNs,Srikumar Kannan&#39;s Tamil Nadu &amp; Kerala Prediction | 2026 Expertometer,NewsX Live,2026-04-10T15:30:20Z,Srikumar Kannan shares his predictions for the upcoming elections in Tamil Nadu and Kerala on Expertometer. With intense ...
Tamil Nadu election opinion poll 2026,c4hCr1e0ujo,"Tamil Nadu Assembly Election 2026 Opinion Poll, DMK, TVK, AIADMK ",dharohar voice,2025-12-06T10:52:12Z,"tamilnews #mkstalin #tvkvijay #tamilnaduelections Tamil Nadu Assembly Election 2026 Opinion Poll, DMK, TVK, AIADMK Tamil ..."
Tamil Nadu election opinion poll 2026,QjmYtI2f8_4,Tamil Nadu Polls 2026: 85.15% Voter Turnout; Highest Ever | What’s Behind The Wave? | Latest News,Times Now,2026-04-24T03:05:51Z,"Tamil Nadu has recorded a historic 85.15% voter turnout in the 2026 assembly elections, the highest in the state's electoral history ..."
Tamil Nadu election opinion poll 2026,mKcbEq4XKEc,TamilNadu 2026 Opinion Poll: DMK Sweep or AlADMK Comeback? Huge Seat Projections! #politics,News juction,2026-05-21T02:07:44Z,Tamil Nadu 2026 Election Opinion Poll! 🗳️ | Who will win? The first major Opinion Poll for the Tamil Nadu Assembly Election ...
Tamil Nadu election opinion poll 2026,8Ff6DnZ0gAY,Tamil Nadu Exit Polls 2026: DMK Wins or Hung Assembly? The Vijay Factor Explains! | News18 Updates,CNN-News18,2026-04-30T02:38:40Z,Tamil Nadu exit polls show a highly fractured verdict ahead 2 major narratives emerging: a tight #DMK vs #AIADMK contest in one ...
Tamil Nadu election opinion poll 2026,M9ykJruHI7s,"TN Assembly Election 2026 Mega Opinion Poll DMK, AIADMK, TVK, Survey ",dharohar voice,2026-04-01T12:22:57Z,"tamilnaduelection2026 #dmkstalin #tamilnews TN Assembly Election 2026 Mega Opinion Poll DMK, AIADMK, TVK, Survey Mk ..."
Tamil Nadu election opinion poll 2026,_joDbYIdH4o,Tamil Nadu Opinion Poll 2026: तमिलनाडु में स्टालिन रिपीट या डिफीट? | Tamil Nadu Election 2026,IndiaTV,2026-03-21T00:30:00Z,Tamil Nadu Opinion Poll 2026: तमिलनाडु में स्टालिन रिपीट या डिफीट? | Tamil Nadu Election 2026 ...
Tamil Nadu election opinion poll 2026,RjY6tnidJ6U,Tamil Nadu Exit Polls 2026: Will Vijay Play Kingmaker In A Tight DMK Vs AIADMK Race? | N18S,CNN-News18,2026-04-29T15:35:41Z,"Has The “Vijay factor"" really played big in Tamil Nadu elections 2026? Exit polls for the southern state indicate that while ..."
Tamil Nadu election opinion poll 2026,-BquiDwqDyU,Tamil Nadu Election Opinion Poll 2026 | தமிழ்நாடு சட்டமன்றத் தேர்தல் | DMK vs AIADMK vs TVK vs NDA,Bharat Election News,2026-04-05T08:36:53Z,Tamil Nadu Election Opinion Poll 2026 | தமிழ்நாடு சட்டமன்றத் தேர்தல் | DMK vs AIADMK vs TVK vs ...
Tamil Nadu election opinion poll 2026,xb2hcytiAWU,Tamil Nadu Assembly Election 2026: Latest Opinion Poll🔥 DMK Majority? TVK का धमाका 🗳️ ! #TamilNadu,Anshika Gk Study,2026-04-27T15:04:03Z,Tamil Nadu Assembly Election 2026: Latest Opinion Poll & Seat Projection! 🗳️   Tamil Nadu में होने वाले 2026 ...
Tamil Nadu election opinion poll 2026,9bnpSoOqHl0,Tamil Nadu Elections 2026: Vijay Worry For Dravidian Parties | TVK | Stalin | Thalapathy | AIADMK,India Today,2026-04-27T14:49:16Z,Political developments in India intensify as seven parliamentarians from a prominent opposition party in Delhi officially merged ...
Tamil Nadu election opinion poll 2026,_rR5A7o2wlc,"Tamil Nadu Election 2026 Opinion Poll | தமிழ்நாடு சட்டமன்றத் தேர்தல் | DMK + INC, AIADMK + BJP, TVK",Bharat Election News,2026-03-17T08:25:34Z,Tamil Nadu Election Opinion Poll 2026 | தமிழ்நாடு சட்டமன்றத் தேர்தல் | DMK vs AIADMK vs TVK vs ...
Tamil Nadu election opinion poll 2026,TYh3ewk0AjU,Tamil Nadu Opinion Poll TN Election 2026அடுத்த முதல்வர் யார் DMK vs AIADMK ,dharohar voice,2026-02-18T12:38:31Z,tnelection2026 #tamilnews #mkstalin #tamilnaduelection2026 TN Election 2026 அடுத்த முதல்வர் யார் DMK vs ...
Tamil Nadu election opinion poll 2026,LBt33iaZ3KY,Exit Polls Of Tamil Nadu | TVK To Win 98 To 120 Of TN&#39;s 234 Seats: NDTV-Axis My India Exit Poll,NDTV,2026-04-29T15:56:11Z,Tamil Nadu Exit Polls: NDTV-Axis My India has predicted actor Vijay's new party TVK in its first election contest would win 98-120 ...
Tamil Nadu election opinion poll 2026,_zm6d01Lti0,TVK Internal Survey Claims 30% Vote Share In 2026 TN Polls; DMK Leads But Seats Drop | India Today,India Today,2025-12-23T13:27:26Z,"In this exclusive report, India Today accesses the internal survey of the Tamilaga Vettri Kazhagam (TVK) for the 2026 Tamil Nadu ..."
Tamil Nadu election opinion poll 2026,vysW58ocxgg,Tamil Nadu Election Survey 2026 By Suresh Kochattil | CM Stalin vs Palaniswamy | DMK vs AIADMK,Telugu Popular TV,2026-03-31T12:42:47Z,Tamil Nadu Election Survey 2026 By Suresh Kochattil | CM Stalin vs Palaniswamy | DMK vs AIADMK జయలలిత ...
Tamil Nadu election opinion poll 2026,O2gOwxkaT4w,🔥😱2029 में Andhra में तूफान! 2026 Opinion Poll ने TDP-JSP-BJP को हिला दिया | Jagan 140+ सीटों पर#tdp,Anshika Gk Study,2026-05-20T05:17:45Z,BREAKING: Andhra Pradesh 2029 Lok Sabha Opinion Poll 2026 OUT!* 2024 mein TDP-JSP-BJP alliance ne YSRCP ka ...
Tamil Nadu election opinion poll 2026,mzyrGzXTT-I,Opinion Poll for Legislative Election 2026 #westbengal #tamilnadu #kerala #assam  #puducherry😮😮,BabuMoshai's Motivational Adda,2026-04-19T20:38:21Z,
Tamil Nadu election opinion poll 2026,i2-GKsZytf0,"விஜய், சீமான் ,MK ஸ்டாலின், எடப்பாடி 2026 election public opinion #tnelection2026 #dmk #tvk #admk",TN Pulse,2026-03-22T11:35:02Z,"தெருவோட pulse: MK ஸ்டாலின், எடப்பாடி, விஜய், சீமான் – யாருக்குத்தான் ..."
Tamil Nadu election opinion poll 2026,ta8cb3YpfqA,"TAMIL NADU EXIT POLL 2026: AIADMK Set for Big Win, DMK Trails | CNN-News18 Exit Poll",moneycontrol,2026-04-29T14:31:26Z,"CNN-News18 exit poll projections تشير إلى a strong performance by the All India Anna Dravida Munnetra Kazhagam (AIADMK), ..."
Tamil Nadu election opinion poll 2026,qT3DDZ3JGhY,Tamilnadu assembly election 2026 opinion poll: DMK vs AIADMK vs TVK | Full 234 Seats Prediction&quot; TVK,RTV NEWS INDIA,2026-03-25T08:09:45Z,"Tamil Nadu 2026 Election: Tightest Contest Ever? DMK Alliance Lead or AIADMK Upset? March 2026 Survey"" #mk_stalin ..."
Tamil Nadu election public opinion 2026,e4hPMmwEsks,Tamil Nadu Cabinet Expansion 2026: Ministers Take Oath Under CM Vijay&#39;s Presence | Originals,WION,2026-05-21T05:29:52Z,TVK and Congress MLAs take oath as Tamil Nadu Ministers in the presence of CM Vijay and Governor Rajendra Vishwanath ...
Tamil Nadu election public opinion 2026,QJqaidELvwU,Public opinion  Tamil nadu 2026 election | #tvk | #dmk | #admk | #bjp  | #tnelection |#publicopinion,Akash J,2026-04-13T04:28:14Z,
Tamil Nadu election public opinion 2026,pHajEGpapT4,"Tamil Nadu Elections 2026 | South Tamil Nadu Poll Battle: Faith, Caste and Power Politics",NDTV,2026-04-06T15:10:06Z,"As polling heats up in South Tamil Nadu, multiple fault lines are shaping the electoral contest - from the Deepam controversy and ..."
Tamil Nadu election public opinion 2026,Rvu_Psm5-j8,விஜய்க்கு வாய்ப்பு இருக்கு | TVK Vijay | TN Election 2026 | Public Opinion,Eyes of Tamil Nadu,2026-04-24T12:30:39Z,விஜய்க்கு வாய்ப்பு இருக்கு | TVK Vijay | TN Election 2026 | Public Opinion Join this channel to get ...
Tamil Nadu election public opinion 2026,WLGj1zsZ3C0,🔴TASMAC : பொம்பள இடுப்ப கிள்ளிட்டு போவானுங்க.. #tvk #cmvijay #publictalk #publicopinion #public,CLICK CINEMA LOVERS,2026-05-20T07:41:18Z,TASMAC : பொம்பள இடுப்ப கிள்ளிட்டு போவானுங்க.. #tvk #cmvijay #publictalk #publicopinion ...
Tamil Nadu election public opinion 2026,eXLsYfPD1Mc,2026 CM Tamil Nadu Public Opinion | DMK | ADMK | NTK | TVK | 2026 Tamil Nadu Election Public Opinion,Aalilla Radio Arasiyal,2026-02-20T12:44:55Z,2026 CM Tamil Nadu Public Opinion | DMK | ADMK | NTK | TVK | 2026 Tamil Nadu Election Public Opinion | MK Stalin | Edappadi ...
Tamil Nadu election public opinion 2026,puVbtQYfYqE,🔴Stalin Uncle கேவலமான அரசியல விடுங்க😡 #publicopinion #publictalk #public #dmk #tvk #vijay #mkstalin,CLICK CINEMA LOVERS,2026-05-19T08:03:25Z,Stalin Uncle கேவலமான அரசியல விடுங்க   #publicopinion #publictalk #public #dmk #tvk #vijay #mkstalin tvk ...
Tamil Nadu election public opinion 2026,9f6fdC-Vpjs,2026 TN Election – Who Will Win? | Public Opinion 🔥 #tvk  #tamilshorts #shortvideo,Kowshikgon,2026-04-05T12:43:42Z,
Tamil Nadu election public opinion 2026,0g6ORl8XbTE,🔴வீடு இல்லையே..😭🥹#publictalk #publicopinion #shorts #public #tvk #cmvijay #vijay,CLICK CINEMA LOVERS,2026-05-20T08:21:03Z,"வீடு இல்லையே..    #publictalk #publicopinion #shorts #public #tvk #cmvijay #vijay tvk vijay interview, vijay political ..."
Tamil Nadu election public opinion 2026,2V1ZdJZCX9E,2026ல் யார் முதல்வர்? புதுக்கோட்டை மக்களின் கருத்துக் கணிப்பு | Next CM | 2026 Election,Gem Television,2026-04-03T08:30:01Z,tvkvsdmk #udhayanithistalin #vijayspeech #publicreaction #election2026 #tamilnaduelection2026 #electionpredictions #tvk #dmk ...
Tamil Nadu election public opinion 2026,OX6rTcqdNBc,🔴TASMAC_ஆல் LADIES பூ கடைக்கு வரமாட்டாங்க🥹#publictalk #publicopinion #public #tasmac #cmvijay #tvk,CLICK CINEMA LOVERS,2026-05-21T04:56:02Z,TASMAC_ஆல் LADIES பூ கடைக்கு வரமாட்டாங்க  #publictalk #publicopinion #public #tasmac #cmvijay ...
Tamil Nadu election public opinion 2026,jMxj4psTTGc,🔴அரசு எதுவுமே பண்ணல எங்களுக்கு..🥹 #cmvijay #publictalk #publicopinion #tvk #public #vijay #shorts,CLICK CINEMA LOVERS,2026-05-21T08:41:10Z,அரசு எதுவுமே பண்ணல எங்களுக்கு..   #cmvijay #publictalk #publicopinion #tvk #public #vijay #shorts tvk ...
Tamil Nadu election public opinion 2026,eur26iVP87o,முதல்வர் விஜய் ஒரு கூத்தாடி என்று சொல்லுவாங்க? #cmvijay #vijayspeech #dmkvsvijay #ntk #tvk #shorts,ARASIYAL PESUVOM,2026-05-20T01:32:06Z,shorts #dmkvsvijay #vijayspeech #2026tamilnaduelection #2026tncm #2026tamilnaducm #publicopinion #publicopinion2025 ...
Tamil Nadu election public opinion 2026,3PA8eSTJEos,🔴VIJAY அண்ணா எங்களுக்கு வீடு இல்ல🥹🙏 #tvk #vijay #cmvijay #publictalk #publicopinion #public #shorts,CLICK CINEMA LOVERS,2026-05-19T08:21:06Z,VIJAY அண்ணா எங்களுக்கு வீடு இல்ல     #tvk #vijay #cmvijay #publictalk #publicopinion #public #shorts ...
Tamil Nadu election public opinion 2026,1FyLxrQj1YM,🔴CM VIJAY : TASMAC_னால கண்ணீர்விட்டு அழுவுறாங்க😭 #publictalk #publicopinion #public #cmvijay #vijay,CLICK CINEMA LOVERS,2026-05-20T04:11:08Z,CM VIJAY : TASMAC_னால கண்ணீர்விட்டு அழுவுறாங்க   #publictalk #publicopinion #public #cmvijay ...
Tamil Nadu election public opinion 2026,k_RHs3aRBTs,Ground Report: Tamil Nadu Assembly Election 2026 – Will Fate Change? | Exit Poll Live,Cool News Tv,2026-04-24T01:39:19Z,Ground Report: Tamil Nadu Assembly Election 2026 – Will Fate Change? | Exit Poll Live #tamilnaduelection2026 .
Tamil Nadu election public opinion 2026,RvRU66-tohI,🔴CM VIJAY : ஏழைங்களுக்கு செய்வாங்களா?#tvk #cmvijay #publictalk #publicopinion #public #vijay #shorts,CLICK CINEMA LOVERS,2026-05-21T08:22:54Z,CM VIJAY : ஏழைங்களுக்கு செய்வாங்களா?#tvk #cmvijay #publictalk #publicopinion #public #vijay #shorts ...
Tamil Nadu election public opinion 2026,hvX_RQloWH8,😭பிச்சை எடுக்கும்போது...#publictalk #publicopinion #public #cmvijay #vijay #publicresponse #shorts,CLICK CINEMA LOVERS,2026-05-20T08:03:02Z,பிச்சை எடுக்கும்போது...#publictalk #publicopinion #public #cmvijay #vijay #publicresponse #shorts tvk vijay ...
Tamil Nadu election public opinion 2026,j1P0zVXcvGE,உதயநிதி கணக்கு சரியில்லை! - Journalist Indrakumar #mkstalin #cmvijay,Wow Tamizhaa Pulse,2026-05-19T04:30:19Z,"History has been rewritten in Tamil Nadu politics! In this explosive interview, senior journalist and political analyst talks in detail ..."
Tamil Nadu election public opinion 2026,cn2OXl_On4A,2026 முதல்வர் யார் ? : பொதுமக்கள் கருத்து | 2026 tn cm public review | dmk vs tvk public review,அரசியல் பார்வை,2025-12-03T14:28:18Z,அரசியல்பார்வை #tvk #ntk #tvkvsdmk #tvkvsadmk #ntkvsdmk LIKE - SHARE - SUBSCRIBE - Arasiyal Parvai ...
Tamil Nadu election public opinion 2026,tb2h0uwBHog,🔴இதுனால தான் பெண்கள் மேல சந்தேகம் வருது #publictalk #publicopinion #public #shorts #tasmac #trending,CLICK CINEMA LOVERS,2026-05-22T03:46:06Z,இதுனால தான் பெண்கள் மேல சந்தேகம் வருது #publictalk #publicopinion #public #shorts #tasmac ...
Tamil Nadu election public opinion 2026,TC8JTeXKaqU,2026ல் யார் முதல்வர்? மாதவரம் மக்களின் கருத்துக் கணிப்பு | Next CM | 2026 Election,Gem Television,2026-04-03T17:00:38Z,tvkvsdmk #udhayanithistalin #vijayspeech #publicreaction #election2026 #tamilnaduelection2026 #electionpredictions #tvk #dmk ...
Tamil Nadu election public opinion 2026,FigJKF8KXfA,🔴SEEMAN தமிழ்நாட்டுல இருக்குற மொத்த முட்டையும் அவர் தான் வாங்கிருக்காரு😡 #tvk #ntk #publicopinion,CLICK CINEMA LOVERS,2026-05-19T07:41:21Z,SEEMAN தமிழ்நாட்டுல இருக்குற மொத்த முட்டையும் அவர் தான் ...
Tamil Nadu election public opinion 2026,z05sILqHwSw,60 நாட்களில் அடுத்த CM இவரா? 2026 ELECTION SURVEY TAMILNADU | IPDS Thirunavukarasu Interview | IBC,IBC Tamil,2026-03-14T10:41:56Z,"Ahead of the 2026 Tamil Nadu Legislative Assembly election, political analyst IPDS Thirunavukarasu has released a survey ..."
Tamil Nadu election public opinion 2026,mtypX8_55ig,Tamilnadu Assembly Election First Opinion Poll Survey || TN Election malayam Exit Poll 2026 |#dmk,Political Survey ,2026-05-15T00:49:07Z,Tamilnadu assembly election 2026 New opinion poll survey came out #tamilnadupolitics #tamilshorts #tamilnaduelection2026 ...
Tamil Nadu election public opinion 2026,Dr2xDogoc-Q,2026 ஆட்சி மாற்றம் தேவையா? இல்லையா? | Vada Chennai Public Opinion | TN Next CM? | tn election 2026,variety track,2026-03-26T11:30:12Z,2026 ஆட்சி மாற்றம் தேவையா? இல்லையா? | Vada Chennai Public Opinion | TN Next CM? | tn election 2026 ...
Tamil Nadu election public opinion 2026,Ig15u3n24IU,🔥🚨Tamil Nadu Election Survey 2026: TVK leads DMK &amp; AIADMK? | Latest C-Voter Opinion Poll #dmk #bjp,Indian_opanion,2026-04-26T08:14:22Z,Tamil Nadu Assembly Election 2026: Shocking C-Voter Survey! 🗳️     . . . . . . Is a political earthquake coming to Tamil Nadu?
Tamil Nadu election public opinion 2026,nkYwbNsPKRE,2026ல் யார் முதல்வர்? கொளத்தூர் மக்களின் கருத்துக் கணிப்பு | Next CM | 2026 Election,Gem Television,2026-03-27T11:01:14Z,tvkvsdmk #udhayanithistalin #vijayspeech #publicreaction #election2026 #tamilnaduelection2026 #electionpredictions #tvk #dmk ...
Tamil Nadu election public opinion 2026,lfOf-Ruk-50,“Tamil Nadu Election 2026 😱 Kaun Banega CM? Latest Opinion Poll Results!” #mkstalin #thalapathyvijay,SN-Sach News,2026-04-29T11:21:22Z,TamilNaduElection #TamilNaduPoll #OpinionPoll #Election2026 #DMK #AIADMK #BJP #Politics #ViralNews #BreakingNews ...
Tamil Nadu election public opinion 2026,iD6ilTLTZyk,தமிழகத்தில் மீண்டும் ஆட்சியை கைப்பற்றுமா திமுக? TN Election 2026 VOX POP | Maalaimalar,Maalaimalar,2026-04-03T05:00:39Z,TNElection2026 #chromepet #chrompet #admk #tvkvijay #TamilNaduPolitics #DMK #DMKGovernment #TNAssemblyElection ...
Tamil Nadu election public opinion 2026,mXoHHdKmy74,2026-ல் தமிழக முதல்வராக யார் வர வேண்டும் ? PUBLIC OPINION | TVK | NTK | DMK | ADMK | TN ELECTION,Fine Time Media ,2025-11-30T13:30:06Z,2026election #tnelection #tvk #dmk #admk #ntk #thalapathyvijay #edappadipalanisamy #seeman #mkstalin #udhayanidhistalin ...
Tamil Nadu election public opinion 2026,WFCD012oD4Q,TN Election 2026 Date Announced! TVK Vijay vs Stalin Battle | Public Prediction Vote for Sale?,BestinQ Media,2026-03-16T13:00:55Z,Tamil Nadu Assembly Election 2026 date has officially been announced. Voting across all 234 constituencies will take place on ...
Tamil Nadu election debate 2026,88HebmiNi7E,Tamil Nadu Election 2026: PM Modi Vows To &#39;Uproot&#39; DMK | Kathua Encounter | Super Six With Akshita,India Today,2026-01-23T13:57:26Z,"In this India Today Special Report, anchor Akshita Nandagopal examines Prime Minister Narendra Modi's campaign push in ..."
Tamil Nadu election debate 2026,ptzl04oUtNI,Tamil Nadu 2026: Who Sets The Narrative?,NDTV,2026-01-30T14:38:41Z,Tamil Nadu 2026: Who Sets The Narrative? #NDTVTNSummit2026 #NDTVSummit2026 #TNSummit2026 #MKStalin #Kanimozhi ...
Tamil Nadu election debate 2026,kWx4RSBJQnc,Tamil Nadu Elections 2026 | Tamil Nadu Exit Polls | Big Debate On Impact Of Vijay&#39;s TVK,India Today,2026-04-29T15:39:31Z,"The Axis My India exit poll projects a shift in the Tamil Nadu political landscape, predicting 98 to 120 seats for the Tamilaga Vettri ..."
Tamil Nadu election debate 2026,vHFO5qK3LNE,Tamil Nadu Polls 2026 | Udhayanidhi Stalin Reignites Hindi Imposition Debate Ahead of 2026 Polls,NDTV,2026-01-26T16:00:06Z,Chief Minister Udhayanidhi Stalin has once again reignited the long-running language debate by vowing that his state will oppose ...
Tamil Nadu election debate 2026,u3hSki9FqqA,Tamil Nadu Rountable: Who Will Win 2026 Polls? | Tamil Nadu Elections | India Today Conclave 2026,India Today Conclave,2026-03-13T15:37:51Z,"At the India Today Conclave 2026 in Delhi, a panel of Tamil Nadu politicians debated the upcoming state elections and ..."
Tamil Nadu election debate 2026,FjUQLxhDF24,"A Fight to Protect Tamil Pride: Big Debate | AIADMK, DMK, BJP, Congress Leaders Clash | India Today",India Today,2026-02-11T09:23:21Z,"The India Today Tamil Nadu Roundtable featured a debate between representatives from the BJP, DMK, AIADMK, and Congress ..."
Tamil Nadu election debate 2026,VNwG0-T8MTE,Tamil Nadu Elections 2026: Historic 82% Voter Turnout In TN Sparks Anti-Incumbency Debate,India Today,2026-04-23T14:36:01Z,"In a historic development, Tamil Nadu recorded a massive voter turnout of over 82 percent by 5 PM, sparking intense political ..."
Tamil Nadu election debate 2026,ycwEFOi4HiM,Sollathigaram | பிரிந்து போனவர்கள் எடுத்த தவறான முடிவு இது | ADMK | TVK | VCK,News18 Tamil Nadu,2026-05-20T17:36:45Z,Sollathigaram Debate | Sollathigaram | பிரிந்து போனவர்கள் எடுத்த தவறான முடிவு இது ...
Tamil Nadu election debate 2026,pIT4ROxgcBg,Tamil Nadu Election 2026 Live: “I Am Very Proud And Happy...&quot; Vijay&#39;s Father On His Victory | #etnow,ET Now,2026-05-04T09:50:35Z,"Tamil Nadu Election 2026 Live: “I Am Very Proud And Happy..."" Vijay's Father On His Victory | #etnow #vijayvsstalin ..."
Tamil Nadu election debate 2026,QLwHVFhpYg8,Tamil Nadu Elections 2026 | Tamil Nadu Exit Poll 2026 | Axis My India | Vijay&#39;s TVK Biggest Party?,India Today,2026-04-29T15:27:11Z,Axis My India exit poll shakes up Tamil Nadu politics! Actor Vijay's Tamilaga Vettri Kazhagam (TVK) is projected to emerge as the ...
Tamil Nadu election debate 2026,TadIFkFhEys,BJP vs Congress Clash Over TN Elections 2026 #tamilnaduelections #bjp,India Today,2026-04-22T16:24:25Z,A heated political debate took place between K. Annamalai and Karti Chidambaram ahead of the 2026 Tamil Nadu Legislative ...
Tamil Nadu election debate 2026,Bn_-H8kTWzg,"Tamil Nadu Elections 2026 | K Annamalai, Ex-BJP Tamil Nadu Chief, Denied Poll Ticket? What He Said",NDTV,2026-04-04T08:00:06Z,"BJP leader K Annamalai, who returned from Kerala amidst his poll campaign there to meet Prime Minister Narendra Modi in ..."
Tamil Nadu election debate 2026,6uL9_FaEMxI,Tamil Nadu Elections 2026 | Who&#39;s Afraid Of Jana Nayagan? | TVK Vijay | Brass Tacks | News18,CNN-News18,2026-01-09T15:15:52Z,"With the Tamil Nadu Assembly Elections 2026 approaching, the political spotlight shifts to actor-turned-politician Vijay and his ..."
Tamil Nadu election debate 2026,Ze8tUd7z-iU,TN Election 2026 | NRI Voted | வெளிநாடு வாழ் குடியுரிமை பெற்று TN தேர்தலில் வாக்களித்த 10 பேர் கைது!,Sun News,2026-05-15T10:21:16Z,Subscribe to Sun News Channel to stay updated - http://bit.ly/2Yyvgsi Hit Bell Icon to get alerted when videos are released ...
Tamil Nadu election debate 2026,0wTICS6nlJA,Super Six: Tensions Rise in India Bloc As Congress Seek Share | Tamil Nadu Election 2026 Debate,India Today,2026-01-05T14:21:41Z,"Political dynamics are shifting in Tamil Nadu as friction intensifies within the Congress-DMK alliance, a key part of the INDIA bloc."
Tamil Nadu election debate 2026,ClAz0PJolg0,#tvk #admk #vijay #adhavarjuna,Big Mount TV,2026-05-20T06:43:29Z,A major political signal from the ruling camp! Minister Aadhav Arjuna's statement about maintaining a “friendly relationship” with ...
Tamil Nadu election debate 2026,T9tQ8QJLs8k,Sollathigaram | &quot;107 வச்சுக்கிட்டு... விஜய்க்கு மெஜாரிட்டி இருக்கு&quot; | CM Vijay | TVK,News18 Tamil Nadu,2026-05-21T17:37:23Z,"Sollathigaram Debate | Sollathigaram | ""107 வச்சுக்கிட்டு... விஜய்க்கு மெஜாரிட்டி ..."
Tamil Nadu election debate 2026,_khB1RWKGy0,Tamil Nadu Elections 2026: State Govt Performance &amp; Next CM Choice Decoded | The Hard Facts | N18S,CNN-News18,2026-03-16T17:57:24Z,Tamil Nadu elections: Rate overall performance of current state government and who will be the next CM choice decoded ...
Tamil Nadu election debate 2026,WGc6m_OwnQ0,Tamil Nadu Polls 2026 | High Voter Turnout In T.N: Is Political Change Coming?| DMK Vs TVK Vs AIADMK,CNBC-TV18,2026-04-23T12:49:36Z,"Tamil Nadu has just recorded one of its highest voter turnouts in history, crossing 82% before the final hour. In the past, these ..."
Tamil Nadu election debate 2026,n88XpwKKM3w,Tamil Nadu Elections 2026: Three-Way Battle Shoots Up As Agrarian Crisis Dominate Polls,India Today,2026-04-23T08:54:51Z,"Tamil Nadu is holding its single-phase assembly election, marking a significant shift in the state's political landscape with a ..."
Tamil Nadu election debate 2026,EZEm0_4SW74,Tamil Nadu Election Debate LIVE: Annamalai Clashes with Karti Chidambaram | Annamalai Debate LIVE,India Today,2026-02-13T01:26:45Z,Tamil Nadu Election Debate LIVE: Annamalai Clashes with Karti Chidambaram | Annamalai Debate LIVE This India Today ...
Tamil Nadu election debate 2026,0rjFU8WzOxc,Democratic Newsroom: Will Actor Vijay Be The Kingmaker In Tamil Nadu’s 2026 Assembly Polls?,India Today,2025-12-15T14:08:56Z,"In a special SoSouth broadcast, India Today's editors and bureau chiefs analyze the political landscape for the 2026 Assembly ..."
Tamil Nadu election debate 2026,ZWHYaj6K0eI,The Vijay Factor: Spoiler Or Game-changer? | Tamil Nadu Election 2026,NEWS9 Live,2026-04-21T16:45:45Z,"Tamil Nadu's 2026 election is no longer a predictable two-horse race. For decades, power has alternated between the DMK and ..."
Tamil Nadu election analysis 2026,Vz48SPaE9Sk,Tamil Nadu Elections: CPI(M) Threatens to Withdraw Support if Vijay Inducts AIADMK MLAs | WION,WION,2026-05-21T06:02:37Z,Political tensions are rising in Tamil Nadu ahead of key electoral developments as CPI(M) has reportedly threatened to withdraw ...
Tamil Nadu election analysis 2026,3vDJ8TTZ5nQ,Tamil Nadu Cabinet Expansion 2026 LIVE: Ministers Take Oath in Swearing-In Ceremony | CM Vijay | TVK,NEWS9 Live,2026-05-21T15:12:46Z,Tamil Nadu Cabinet Expansion 2026 LIVE: Ministers Take Oath in Swearing-In Ceremony | CM Vijay | TVK #tamilnadu ...
Tamil Nadu election analysis 2026,wUK81ghPPkQ,LIVE: Tamil Nadu CM Vijay Rejects 3-Language Policy | TVK = DMK 2.0? | Super Six LIVE,India Today,2026-05-20T01:02:36Z,LIVE: Tamil Nadu CM Vijay Rejects 3-Language Policy | TVK = DMK 2.0? | Super Six LIVE Tamil Nadu Chief Minister and ...
Tamil Nadu election analysis 2026,FRD0AgZvomQ,Elections 2026 | Big Poll Showdown: What Will Decide West Bengal &amp; Tamil Nadu Results?,India Today,2026-04-18T04:30:11Z,"As keystone states West Bengal and Tamil Nadu prepare to vote, an indepth analysis of what will determine the outcome with ..."
Tamil Nadu election analysis 2026,MOBh3kuD0ko,Tamil Nadu Election Result 2026 🔥 | Full Seat Report | कौन जीता? 😱,AM KNOWLEDGE 06,2026-04-14T14:14:53Z,Tamil Nadu Election Result 2026 ka complete analysis is video me diya gaya hai Isme aap dekh sakte ho sabhi parties ke ...
Tamil Nadu election analysis 2026,GN7sB4wcfsY,"Tamil Nadu Elections 2026 | Tamil Nadu Records 85.13% turnout, Five Districts Miss 80 Per Cent Mark",NDTV,2026-04-24T03:05:06Z,"With the overall turnout in Tamil Nadu touching a record 85.13per cent as of 10.30 PM on Thursday, five districts fell short of the 80 ..."
Tamil Nadu election analysis 2026,saQq_jqV2E0,"Tamil Nadu Election Result 2026 Analysis: DMK vs TVK vs AIADMK, Who Is Winning At 2:00PM | Breaking",ET Now,2026-05-04T08:31:02Z,"Tamil Nadu Election Result 2026 Analysis: DMK vs TVK vs AIADMK, Who Is Winning At 2:00PM | Breaking A high-voltage political ..."
Tamil Nadu election analysis 2026,aZuy5BOuMLg,Is Tamil Nadu 2026 the BIGGEST Game Changer in Indian Politics,The New Indian Express,2026-04-12T12:34:14Z,Tamil Nadu's political history has long been defined by a powerful anti-incumbency wave — but 2026 could rewrite that script.
Tamil Nadu election analysis 2026,ujsr-pmJ6lc,2026 विधानसभा चुनाव 5 राज्यों के CM और विजेता दल #currentaffairs2026 #currentgk,Online Sarthi,2026-05-21T05:24:04Z,2026 विधानसभा चुनाव 5 राज्यों के CM और विजेता दल #currentaffairs2026 #currentgk इस ...
Tamil Nadu election analysis 2026,VLG9BcvsfXk,Tamil Nadu Election 2026 LIVE: TVK&#39;s Vijay Or SIR? What Explains Record Turnout In Tamil Nadu Polls?,India Today,2026-04-26T02:37:53Z,"Tamil Nadu on Thursday recorded its highest-ever voter turnout in Assembly elections on Thursday, with more than 85.03 per cent ..."
Tamil Nadu election analysis 2026,rwnBANfCpM0,"Tamil Nadu Election Result LIVE 2026: Vijay’s TVK Surges Ahead, DMK Slips to Third | WION News",WION,2026-05-04T15:02:21Z,"Early counting trends from Tamil Nadu show Vijay's TVK taking a surprising lead, while DMK is currently placed in third position."
DMK vs AIADMK 2026,L7tzJQQlxPg,தமிழ்நாடு தேர்தல் 🔥 கடும் போட்டி😳யார் ஜெயிப்பார்? #dmk​ #mkstalin​#thalapathy​ #tvk​ #election​,NEXT VOTE TV,2026-05-19T02:32:18Z,தமிழ்நாடு தேர்தல் கடும் போட்டி  யார் ஜெயிப்பார்? #dmk​ ...
DMK vs AIADMK 2026,jwfExenZFPM,Tamil Nadu Election 2026: DMK vs TVK vs AIADMK Kaun Jeetega? C-Voter Latest Survey! #dmk #bjp,Ankit yadav 464,2026-05-16T14:15:40Z,Tamil Nadu Election 2026: C-Voter Survey Analysis! The political landscape in Tamil Nadu is heating up! With the 2026 ...
DMK vs AIADMK 2026,HnvCu5Phvgc,DMK Candidates List Announcement | DMK Vs AIADMK | திமுக Vs அதிமுக.. 139 தொகுதிகளில் நேரடி போட்டி,NewsTamil 24X7,2026-03-28T12:48:46Z,"dmk candidates list, dmk candidates 2026, dmk election candidates, mk stalin candidates list, dmk mla candidates, tamil nadu ..."
DMK vs AIADMK 2026,ewXdXJF5oXs,Vijay vs Seeman vs Captain Throwback #tvkvijay #ntk #dmk #admk #bjp #pmk #dmdk,The Bharat Beings,2026-05-17T12:57:00Z,
DMK vs AIADMK 2026,ISPL9x8gSGY,​💥 TN Election 2026 Mega Survey: DMK vs TVK vs AIADMK! Who is Winning Tamil Nadu? Latest Updates,Anand gk study,2026-04-28T10:30:30Z,Tamil Nadu Assembly Election 2026: Mega Opinion Poll Analysis . . . . . ​Will the DMK maintain its stronghold in Tamil ...
DMK vs AIADMK 2026,1sftpCMdN0k,ஆட்சி மாறினாலும் காட்சிகள் மாறவில்லை: ஈபிஎஸ் | EPS Statement | Tamil Nadu Politics | DMK vs AIADMK,News18 Tamil Nadu,2026-05-18T12:54:33Z,ஆட்சி மாறினாலும் நிலைமையில் மாற்றம் இல்லை என அதிமுக ...
DMK vs AIADMK 2026,mSLEpKm_lPw,TVK Thalapathy vijay anna || #tvk#dmk#admk#congress#bjp#breakingnews#news#thalapathy#vijay,TVKThalapathy,2026-05-21T13:59:17Z,
DMK vs AIADMK 2026,VHExKwUNJHE,2026 தேர்தலில் அதிமுகவை விரும்பும் மக்கள்.. Rangaraj Pandey Survey Breaks | ADMK vs DMK,IBC Tamil,2025-11-06T09:29:21Z,2026 தேர்தலில் அதிமுகவை விரும்பும் மக்கள்.. Rangaraj Pandey Survey Breaks | ADMK vs ...
DMK vs AIADMK 2026,EHnfYnp6L8k,குட்டிக்கரணம் போடும் அதிமுக #cvshanmugam #pressmeet #spvelumani #edappadipalanisamy #admk#2026#video,15 பைசா,2026-05-20T11:51:00Z,
DMK vs AIADMK 2026,XcrfsZ4J9rI,We will rise together one day #tnelection2026 #tnbjp #annamalai #tvkvijay #admk #dmk #pmk #ammk,The Bharat Beings,2026-05-15T03:24:03Z,
DMK vs AIADMK 2026,6oRcCoz3_jU,బీజేపీ సహకారంతో సీఎం కుర్చీకి రజినీ స్కెచ్! #JournalistYNR #Rajinikanth #CMVijay #BJP #DMK #AIADMK,Journalist YNR,2026-05-20T08:30:02Z,బీజేపీ సహకారంతో సీఎం కుర్చీకి రజినీ స్కెచ్! #JournalistYNR #Rajinikanth #CMVijay ...
DMK vs AIADMK 2026,iBYCCQHU18w,"Tamil Nadu Elections 2026 LIVE | Vijay Factor, DMK vs AIADMK-BJP Battle | MK Stalin’s Biggest Test",ET Now,2026-04-23T07:30:06Z,"Tamil Nadu Assembly Elections 2026 witness a high-voltage three-cornered contest between DMK, AIADMK-BJP alliance, and ..."
DMK vs AIADMK 2026,st10v-MOOqE,"அதிமுக திமுக கூட்டணி ஆட்சி, பேச்சு வார்த்தை நடந்தது உண்மை. #admk #dmk #edappadipalanisamy #mkstalin",kalangarai vilakkam,2026-05-22T06:30:30Z,kalangaraivilakkam #tamilnaduelection2026 #tamilnadu #mkstalin #edappadipalanisamy #secrettalk #admk #dmk #joinhands ...
DMK vs AIADMK 2026,6LzRnEnbikc,tnelection2026 | aiadmk | dmk | gifts | home,Thanthi TV,2026-03-13T05:28:54Z,"""வீடுவீடாக விழுந்த பரிசு பொருட்கள் - சர்ப்ரைஸ் கொடுத்த கட்சிகள்"" ..."
DMK vs AIADMK 2026,aH9ZPi4d-h0,2026 - தமிழ்நாடு சட்டப்பேரவை தேர்தல் திருத்தணி  முடிவு நிலவரம் பகுதி 1 #TVK #DMK #ADMK #NTK #PMK,My PreStatus Channal,2026-05-21T13:27:40Z,2026 - தமிழ்நாடு சட்டப்பேரவை தேர்தல் பூந்தமல்லி முடிவு நிலவரம் 2026 ...
DMK vs AIADMK 2026,vUMFT3MLPQM,Tamil Nadu Elections 2026 | DMK Vs AIADMK Fight Heats Up In Chennai’s T Nagar,NDTV,2026-04-22T12:15:06Z,"T Nagar in Chennai is shaping up as a key battleground in the upcoming Tamil Nadu Assembly elections. The seat, narrowly won ..."
DMK vs AIADMK 2026,bucbvPrhnFQ,thirumavalavan | cmvijay | tvk | admk | dmk,Thanthi TV,2026-05-14T09:52:08Z,"""அத அவங்ககிட்ட கேளுங்க.."" சட்டென மாறிய திருமாவின் முகம் #thirumavalavan ..."
DMK vs AIADMK 2026,hIOZp3If7BQ,DMK and ADMK Alliance | TVK | 2026 election,RootCast,2026-05-06T21:06:08Z,DMK and ADMK Alliance | TVK | 2026 election.
DMK vs AIADMK 2026,s1OY_3So6Po,Tamilaga Vettri Kazhagam Stuns Madurai Central! 🔥 PTR Defeated in TN 2026 Elections,Elections Decoded,2026-05-18T13:30:20Z,"In the 2026 Tamil Nadu Legislative Assembly election, Madhar Badhurudeen from the Tamilaga Vettri Kazhagam secured a major ..."
DMK vs AIADMK 2026,XCQwBtXT_Nk,TN Elections 2026 Explained: DMK Strongholds vs AIADMK Base | Vijay Factor Analysis,NDTV Profit,2026-05-04T01:37:01Z,Tamil Nadu's political battlefield is heating up as we break down the core strongholds of DMK and AIADMK ahead of the 2026 ...
DMK vs AIADMK 2026,Tx4VDXXGyRo,&quot;சென்னையில் விஜய்க்கு அதிக வெற்றி வாய்ப்பு&quot; | TVK Vijay | DMK | ADMK | TN Election 2026,PuthiyathalaimuraiTV,2026-04-29T11:56:17Z,"Puthiyathalaimuraitv #tvkvijay #dmk #eps #tnelection2026 ""சென்னையில் விஜய்க்கு அதிக வெற்றி ..."
DMK vs AIADMK 2026,S1DdO6yI_n8,Tamil Nadu Election Results Prediction 😱 DMK vs AIADMK!#TamilNaduElections2026​ #DMK​ #AIADMK​ #BJP​,𝗡𝗘𝗫𝗧 𝗩𝗢𝗧𝗘 𝗧𝗩,2026-05-16T01:03:33Z,Tamil Nadu Election Results Prediction DMK vs AIADMK! #TamilNaduElections2026​ #DMK​ #AIADMK​ #BJP​ #INC​ ...
DMK vs AIADMK 2026,F-5Q0Pzz_P0,அதிமுக 150 தொகுதிகளில் வெற்றி பெறும் | ADMK | Sathyalaya Ramakrishnan | TN Election 2026 | IBC Tamil,IBC Tamil,2026-04-25T06:04:29Z,அதிமுக 150 தொகுதிகளில் வெற்றி பெறும் | ADMK | Sathyalaya Ramakrishnan | TN Election 2026 ...
DMK vs AIADMK 2026,1EabPwJFV-Q,DMK vs ADMK | Manifesto | 2026 சட்டப்பேரவை தேர்தல் அறிக்கை.. திமுக VS அதிமுக - Full List,News18 Tamil Nadu,2026-03-30T05:44:41Z,DMK vs ADMK | Manifesto | 2026 சட்டப்பேரவை தேர்தல் அறிக்கை.. திமுக VS அதிமுக - Full List ...
DMK vs AIADMK 2026,ylBzPcamvNg,Tamil Nadu 2026 🔥 DMK vs AIADMK vs TVK | Kaun Banayega Sarkar? 🤯 Full Opinion Poll,SAM-SPORTS-STUDIO,2026-05-17T10:30:25Z,"Tamil Nadu Assembly Election 2026 ka latest opinion poll aur seat prediction! DMK, AIADMK, TVK, BJP aur NTK me kaunsi ..."
DMK vs AIADMK 2026,R2lJdRd3HDI,DMK vs TVK | Election 2026 | Public Opinion,Eyes of Tamil Nadu,2025-12-05T15:30:18Z,DMK vs TVK | Election 2026 | Public Opinion Join this channel to get access to perks: ...
DMK vs AIADMK 2026,sYp49mUedNE,Tamil Nadu Election Results 2026 | DMK vs AIADMK vs Vijay’s TVK Mega Battle,ETV Andhra Pradesh,2026-05-03T14:35:25Z,"The entire nation is closely watching the upcoming assembly election results in Tamil Nadu, as vote counting is set to begin ..."
DMK vs AIADMK 2026,aXAS4L3Sg5E,2026 - தமிழ்நாடு சட்டப்பேரவை தேர்தல் அம்பத்தூர் முடிவு நிலவரம் பகுதி 1 #TVK #DMK #ADMK #NTK #PMK,My PreStatus Channal,2026-05-21T13:10:09Z,2026 - தமிழ்நாடு சட்டப்பேரவை தேர்தல் பூந்தமல்லி முடிவு நிலவரம் 2026 ...
DMK vs AIADMK 2026,EkfT8JjAbRQ,Makkal Arangam - Heated Moments | DMK Vs ADMK | Election 2026,Malaimurasu Tv 24X7,2025-12-19T13:00:07Z,Makkal Arangam - Heated Moments | DMK Vs ADMK | Election 2026 #malaimurasu #makkalarangam #debate #election2026 ...
TVK vs DMK election,fli-qOjwOf4,TVK Thalapathy Vijay Anna || #tvk#dmk#admk#congress#bjp#breakingnews#thalapathy#vijay#news,ThalapathyinTVK,2026-05-21T16:30:13Z,THANKS FOR WATCHING ❤️   ⚠️ Disclaimer: All content on this channel is made for entertainment and awareness purposes ...
TVK vs DMK election,KUJyIVS3IZw,எவ்ளோ வளர்ந்து வந்துருக்கோம் | TVK vs DMK | TN Election result,Eyes of Tamil Nadu,2026-05-18T03:30:21Z,எவ்ளோ வளர்ந்து வந்துருக்கோம் | TVK vs DMK | TN Election result Join this channel to get access to ...
TVK vs DMK election,1_2Y8TM2n20,TVK Thalapathy Vijay Anna || #tvk#dmk#admk#congress#bjp#breakingnews#thalapathy#vijay#news,ThalapathyinTVK,2026-05-21T09:30:03Z,THANKS FOR WATCHING ❤️   ⚠️ Disclaimer: All content on this channel is made for entertainment and awareness purposes ...
TVK vs DMK election,TN2PxkCLWWc,DMK vs TVK🔥 #malik #election #dmk #tvk,Abdul Malik,2026-04-23T05:59:48Z,
TVK vs DMK election,tt8wnwPeus8,TVK Thalapathy Vijay Anna || #tvk#dmk#admk#congress#bjp#breakingnews#thalapathy#vijay#news,ThalapathyinTVK,2026-05-21T13:30:42Z,THANKS FOR WATCHING ❤️   ⚠️ Disclaimer: All content on this channel is made for entertainment and awareness purposes ...
TVK vs DMK election,jUAyzZaaM90,TVK Thalapathy Vijay Anna || #tvk#dmk#admk#congress#bjp#breakingnews#thalapathy#vijay#news,ThalapathyinTVK,2026-05-20T12:30:59Z,THANKS FOR WATCHING ❤️   ⚠️ Disclaimer: All content on this channel is made for entertainment and awareness purposes ...
TVK vs DMK election,Y9wgeoheJtU,TVK Thalapathy Vijay Anna || #tvk#dmk#admk#congress#bjp#breakingnews#thalapathy#vijay#news,ThalapathyinTVK,2026-05-21T05:30:12Z,THANKS FOR WATCHING ❤️   ⚠️ Disclaimer: All content on this channel is made for entertainment and awareness purposes ...
TVK vs DMK election,ih53t6TuZrI,TVK Thalapathy Vijay Anna || #tvk#dmk#admk#congress#bjp#breakingnews#thalapathy#vijay#news,ThalapathyinTVK,2026-05-21T08:30:17Z,THANKS FOR WATCHING ❤️   ⚠️ Disclaimer: All content on this channel is made for entertainment and awareness purposes ...
TVK vs DMK election,OMun1DDVDnI,TVK Thalapathy Vijay Anna || #tvk#dmk#admk#congress#bjp#breakingnews#thalapathy#vijay#news,ThalapathyinTVK,2026-05-21T05:00:26Z,THANKS FOR WATCHING ❤️   ⚠️ Disclaimer: All content on this channel is made for entertainment and awareness purposes ...
TVK vs DMK election,0AY7agUUzOk,TVK Thalapathy Vijay Anna || #tvk#dmk#admk#congress#bjp#breakingnews#thalapathy#vijay#news,ThalapathyinTVK,2026-05-21T09:00:01Z,THANKS FOR WATCHING ❤️   ⚠️ Disclaimer: All content on this channel is made for entertainment and awareness purposes ...
TVK vs DMK election,LdDYF2EMf2I,TVK Thalapathy Vijay Anna || #tvk#dmk#admk#congress#bjp#breakingnews#thalapathy#vijay#news,ThalapathyinTVK,2026-05-21T04:00:29Z,THANKS FOR WATCHING ❤️   ⚠️ Disclaimer: All content on this channel is made for entertainment and awareness purposes ...
TVK vs DMK election,y8dwIt73sPQ,TVK Thalapathy Vijay Anna || #tvk#dmk#admk#congress#bjp#breakingnews#thalapathy#vijay#news,ThalapathyinTVK,2026-05-21T07:30:18Z,THANKS FOR WATCHING ❤️   ⚠️ Disclaimer: All content on this channel is made for entertainment and awareness purposes ...
TVK vs DMK election,0vl7puqmCMA,TVK Thalapathy Vijay Anna || #tvk#dmk#admk#congress#bjp#breakingnews#thalapathy#vijay#news,ThalapathyinTVK,2026-05-20T14:00:03Z,THANKS FOR WATCHING ❤️   ⚠️ Disclaimer: All content on this channel is made for entertainment and awareness purposes ...
TVK vs DMK election,pezSIOcKbOQ,TVK Thalapathy Vijay Anna || #tvk#dmk#admk#congress#bjp#breakingnews#thalapathy#vijay#news,ThalapathyinTVK,2026-05-21T06:00:22Z,THANKS FOR WATCHING ❤️   ⚠️ Disclaimer: All content on this channel is made for entertainment and awareness purposes ...
TVK vs DMK election,9QWmpRDpHIA,TVK Thalapathy Vijay Anna || #tvk#dmk#admk#congress#bjp#breakingnews#thalapathy#vijay#news,ThalapathyinTVK,2026-05-20T11:30:09Z,THANKS FOR WATCHING ❤️   ⚠️ Disclaimer: All content on this channel is made for entertainment and awareness purposes ...
TVK vs DMK election,jIfYH-DnGhM,TVK Thalapathy Vijay Anna || #tvk#dmk#admk#congress#bjp#breakingnews#thalapathy#vijay#news,ThalapathyinTVK,2026-05-21T00:30:24Z,THANKS FOR WATCHING ❤️   ⚠️ Disclaimer: All content on this channel is made for entertainment and awareness purposes ...
TVK vs DMK election,PG1E1bnb5is,TVK Thalapathy Vijay Anna || #tvk#dmk#admk#congress#bjp#breakingnews#thalapathy#vijay#news,ThalapathyinTVK,2026-05-21T02:30:25Z,THANKS FOR WATCHING ❤️   ⚠️ Disclaimer: All content on this channel is made for entertainment and awareness purposes ...
TVK vs DMK election,OdzqnaIeNQY,TVK Thalapathy Vijay Anna || #tvk#dmk#admk#congress#bjp#breakingnews#thalapathy#vijay#news,ThalapathyinTVK,2026-05-20T15:00:40Z,THANKS FOR WATCHING ❤️   ⚠️ Disclaimer: All content on this channel is made for entertainment and awareness purposes ...
TVK vs DMK election,_jzTOKcwf04,TVK Thalapathy Vijay Anna || #tvk#dmk#admk#congress#bjp#breakingnews#thalapathy#vijay#news,ThalapathyinTVK,2026-05-21T04:30:32Z,THANKS FOR WATCHING ❤️   ⚠️ Disclaimer: All content on this channel is made for entertainment and awareness purposes ...
TVK vs DMK election,Indb0Sh_n48,TVK Thalapathy Vijay Anna || #tvk#dmk#admk#congress#bjp#breakingnews#thalapathy#vijay#news,ThalapathyinTVK,2026-05-20T11:00:20Z,THANKS FOR WATCHING ❤️   ⚠️ Disclaimer: All content on this channel is made for entertainment and awareness purposes ...
TVK vs DMK election,5gqot2SgjbA,TVK Thalapathy Vijay Anna || #tvk#dmk#admk#congress#bjp#breakingnews#thalapathy#vijay#news,ThalapathyinTVK,2026-05-21T00:00:03Z,THANKS FOR WATCHING ❤️   ⚠️ Disclaimer: All content on this channel is made for entertainment and awareness purposes ...
TVK vs DMK election,C4g9e1yqstc,TVK Thalapathy Vijay Anna || #tvk#dmk#admk#congress#bjp#breakingnews#thalapathy#vijay#news,ThalapathyinTVK,2026-05-21T06:30:07Z,THANKS FOR WATCHING ❤️   ⚠️ Disclaimer: All content on this channel is made for entertainment and awareness purposes ...
TVK vs DMK election,tKINveN56jQ,TVK Thalapathy Vijay Anna || #tvk#dmk#admk#congress#bjp#breakingnews#thalapathy#vijay#news,ThalapathyinTVK,2026-05-20T14:30:40Z,THANKS FOR WATCHING ❤️   ⚠️ Disclaimer: All content on this channel is made for entertainment and awareness purposes ...
TVK vs DMK election,-BNpowAV2tA,ஜோசப் விஜய் சர்ச்சை… அரசியலில் மீண்டும் மத விவாதம் #thalapathyvijay #cmvijay #tvk #dmk #tvkvijay,ALLINONE WORLD OFFICIAL,2026-05-21T11:00:22Z,கிறிஸ்தவர்கள் ஓட்டு வேண்டும் என்றால் ஜோசப் விஜய்… இந்துக்கள் ...
TVK vs DMK election,NAAZawIxPtg,TVK Thalapathy Vijay Anna || #tvk#dmk#admk#congress#bjp#breakingnews#thalapathy#vijay#news,ThalapathyinTVK,2026-05-21T12:30:32Z,THANKS FOR WATCHING ❤️   ⚠️ Disclaimer: All content on this channel is made for entertainment and awareness purposes ...
TVK vs DMK election,gdpe2Nr_n1A,TVK Thalapathy Vijay Anna || #tvk#dmk#admk#congress#bjp#breakingnews#thalapathy#vijay#news,ThalapathyinTVK,2026-05-21T07:00:26Z,THANKS FOR WATCHING ❤️   ⚠️ Disclaimer: All content on this channel is made for entertainment and awareness purposes ...
TVK vs DMK election,0Yhb4J7u4Rw,TVK Thalapathy Vijay Anna || #tvk#dmk#admk#congress#bjp#breakingnews#thalapathy#vijay#news,ThalapathyinTVK,2026-05-20T16:00:03Z,THANKS FOR WATCHING ❤️   ⚠️ Disclaimer: All content on this channel is made for entertainment and awareness purposes ...
TVK vs DMK election,difjn7cDb3w,TVK Thalapathy Vijay Anna || #tvk#dmk#admk#congress#bjp#breakingnews#thalapathy#vijay#news,ThalapathyinTVK,2026-05-21T01:30:32Z,THANKS FOR WATCHING ❤️   ⚠️ Disclaimer: All content on this channel is made for entertainment and awareness purposes ...
TVK vs DMK election,nHKjwdavwYo,திமுக கூட்டணி பற்றி கேள்வி ஓடிய திருநாவுக்கரசு | cm vijay | tvk Vijay,Gem Television,2026-05-21T10:05:06Z,Thirunavukkarasar Raises Questions About the DMK Alliance திமுக கூட்டணி பற்றி கேள்வி ஓடிய ...
TVK vs DMK election,3pon_2D5xgc,TVK vs DMK 🔥 #tvk #dmk #election #vote #jananayagan #trendingshorts #shorts #politics #chennai,MATHUR BOYS ,2026-04-23T02:31:50Z,TVK vs DMK .. #trrndingshorts #trend #trendingvideo #trending #shorts #shortvideos #shotrs #reels #reelsinstagram #dmk ...
TVK vs DMK election,hepgBtP03KA,TVK vs DMK 😂அன்றும் இன்றும்  | TN Election Results 2026 LIVE,Color Kannadi Voice,2026-05-04T07:42:16Z,"To Advertise here, contact +919600922468 Please do subscribe & follow our new Channel❤️ ..."
TVK vs DMK election,TO4GH9u4qBg,TVK Thalapathy Vijay Anna || #tvk#dmk#admk#congress#bjp#breakingnews#thalapathy#vijay#news,ThalapathyinTVK,2026-05-20T00:30:14Z,THANKS FOR WATCHING ❤️   ⚠️ Disclaimer: All content on this channel is made for entertainment and awareness purposes ...
TVK vs DMK election,C4iIDbuLGhs,IUML TVK Alliance | Ministery | CM Vijay | Sun News,Sun News,2026-05-21T07:59:00Z,iuml #tvk #cmvijay #dmk #sunnews Subscribe to Sun News Channel to stay updated - http://bit.ly/2Yyvgsi Hit Bell Icon to get ...
TVK vs DMK election,bCTS6_NhH0A,TVK Thalapathy Vijay Anna || #tvk#dmk#admk#congress#bjp#breakingnews#thalapathy#vijay#news,ThalapathyinTVK,2026-05-20T03:30:18Z,THANKS FOR WATCHING ❤️   ⚠️ Disclaimer: All content on this channel is made for entertainment and awareness purposes ...
TVK vs DMK election,2S_pJeOV--k,TVK Thalapathy Vijay Anna || #tvk#dmk#admk#congress#bjp#breakingnews#thalapathy#vijay#news,ThalapathyinTVK,2026-05-21T13:00:04Z,THANKS FOR WATCHING ❤️   ⚠️ Disclaimer: All content on this channel is made for entertainment and awareness purposes ...
TVK vs DMK election,gVX79rUQ8To,DMK vs TVK 📈🚨 | Election 2026 Selfie War 😱✅ #dmk #tvk #thalapathyvijay#thalapathy #udhayanidhistalin,Arul Manoj,2026-02-08T06:34:20Z,
TVK vs DMK election,ztXrjVa1ZpM,Tamilnadu Election results 😂🔥 | TVK VS DMK #tvk #dmk #mkstalin #vijay #ntk #election2026 #admk,Shades Of Siddiq,2026-05-03T16:42:54Z,tn election results 2026 tamil nadu election results live tn results live today tn election live counting tn cm result 2026 who will win ...
TVK vs DMK election,TVIQ4ZrFlhc,TVK Thalapathy Vijay Anna || #tvk#dmk#admk#congress#bjp#breakingnews#thalapathy#vijay#news,ThalapathyinTVK,2026-05-19T16:00:40Z,THANKS FOR WATCHING ❤️   ⚠️ Disclaimer: All content on this channel is made for entertainment and awareness purposes ...
TVK vs DMK election,wLYzU48c1wk,TVK Thalapathy VijayAnna || #tvk #dmk#admk#congress#bjp#breakingnews #thalapathy#news#vijay,ThalapathyinTVK,2026-05-19T10:01:11Z,THANKS FOR WATCHING ❤️   ⚠️ Disclaimer: All content on this channel is made for entertainment and awareness purposes ...
Tamil Nadu political interview 2026,jGcfiWaAnq0,🔴LIVE: TN Government | CM Vijay | அமைச்சர்களின் இலாகாக்கள் ஒதுக்கீடு,Sathiyam News,2026-05-21T17:11:02Z,CMVijay #ChiefMinisterVijay #TVKVijay #CMJosephVijay #TVK #TVKPolitics #TamilagaVettriKazhagam #TVKGovernment ...
Tamil Nadu political interview 2026,XonK0Vb4GA0,PTR interview: BJP’s double engine a joke | Election 2026,The News Minute,2026-04-10T07:50:27Z,"In an interview ahead of the 2026 Tamil Nadu Assembly elections, Palanivel Thiagarajan, the minister for Information Technology ..."
Tamil Nadu political interview 2026,9jdXxdRJQ5o,🔴LIVE: KAS பதவி மாற்றம் - CM விஜய் எடுத்த முடிவு,Sathiyam News,2026-05-21T13:44:40Z,CMVijay #ChiefMinisterVijay #TVKVijay #CMJosephVijay #TVK #TVKPolitics #TamilagaVettriKazhagam #TVKGovernment ...
Tamil Nadu political interview 2026,GKOMjZuz-B0,மீண்டும் தேர்தல் வந்தால் த வெ க  200 அடிப்பாங்க,Mediagrass Tamil,2026-05-20T12:45:31Z,TamilNaduPolitics #AIADMK #DMK #TVK #VijayPolitics #EdappadiPalanisamy #SPVelumani #CVShanmugam #VCK ...
Tamil Nadu political interview 2026,cCsG0r8mJY0,🔴LIVE: Today Top 50 News (21.05.2026),Sathiyam News,2026-05-21T16:33:44Z,"Watch Sathiyam News Live for the latest Tamil news updates, breaking news, political news, and Tamil Nadu headlines ..."
Tamil Nadu political interview 2026,Pphuv0gAdEY,"Tamil Nadu Elections 2026: Vijaya Prabhakaran on DMK Alliance, Vijay Ties | Exclusive | India Today",India Today,2026-04-19T15:29:18Z,"In an exclusive conversation, Vijaya Prabhakaran speaks to Akshita Nandagopal about the evolving political landscape in Tamil ..."
Tamil Nadu political interview 2026,Dyyc152V6kA,Vijay News | Tamil Nadu CM Vijay Chairs Review Meeting On State&#39;s Financial Status,NDTV,2026-05-14T18:36:52Z,Tamil Nadu Chief Minister C Joseph Vijay on Thursday chaired a review meeting with finance department officials to ascertain the ...
Tamil Nadu political interview 2026,pMTTI4mUwuw,சீமான் செய்த மிகப்பெரிய தவறு!,Gem Television,2026-05-21T15:01:08Z,TamilNaduPolitics #NathamSivasankaran #PoliticalInterview #NTK #TVK #TamilNadu oliticalInsights #TamilNadu ...
Tamil Nadu political interview 2026,ff4rWALNSUw,இது நியாயமே இல்லை! - SP Lakshmanan #cmvijay #tvk,Wow Tamizhaa Pulse,2026-05-20T10:00:47Z,SP Lakshmanan Latest Interview | CM Vijay செய்தது தப்பு! | Rajinikanth | TVK Ministers | MK Stalin Superstar ...
Tamil Nadu political interview 2026,SmgS-swiYA0,இது விசிகவுக்கு ஆபத்து - Journalist Indrakumar #mkstalin #cmvijay,Wow Tamizhaa Pulse,2026-05-19T07:00:17Z,"History has been rewritten in Tamil Nadu politics! In this explosive interview, senior journalist and political analyst talks in detail ..."
Tamil Nadu political interview 2026,DOcaw0cqEVA,காங்கிரஸ் இதையெல்லாம் பேசுமா? - Journalist Indrakumar #mkstalin #cmvijay,Wow Tamizhaa Pulse,2026-05-19T13:30:09Z,"History has been rewritten in Tamil Nadu politics! In this explosive interview, senior journalist and political analyst talks in detail ..."
Tamil Nadu political interview 2026,6YTMeSuduUg,Seeman Exclusive Interview: NTK Chief Speaks Out on Tamil Nadu Politics | India Today,India Today,2026-04-04T08:56:11Z,"In a hard-hitting exclusive interview with India Today, Naam Tamilar Katchi (NTK) chief Seeman speaks candidly about Tamil ..."
Tamil Nadu political interview 2026,BCw4z4i0ctk,Today Headlines | 22 May 2026 | Morning 10 AM Headlines | MorningHeadlines |LatestNews |10amheadline,Sathiyam News,2026-05-22T04:30:06Z,Today Headlines | 22 May 2026 | Morning 10 AM Headlines | MorningHeadlines |LatestNews |10amheadline Watch Sathiyam ...
Tamil Nadu political interview 2026,ueWGytuKoNE,கழுத்தறுத்து விட்டுட்டாரா? #tvkministers #cmjosephvijay #politics,Tamil Niram,2026-05-22T05:30:32Z,Tamilniram #koteeswaraninterview #koteeswaranlatestinterview #koteeswaran #newministers #tnministers #tvkministers ...
Tamil Nadu political interview 2026,Ahajb0C8x0s,தவறுகளை திருத்திக்குங்க! - SP Lakshmanan #cmvijay #tvk,Wow Tamizhaa Pulse,2026-05-20T08:00:07Z,SP Lakshmanan Latest Interview | CM Vijay செய்தது தப்பு! | Rajinikanth | TVK Ministers | MK Stalin Superstar ...
Tamil Nadu political interview 2026,fFheRJmJFMk,முதல்ல அதை பாராட்டுங்க - SP Lakshmanan #cmvijay #tvk,Wow Tamizhaa Pulse,2026-05-20T11:01:00Z,SP Lakshmanan Latest Interview | CM Vijay செய்தது தப்பு! | Rajinikanth | TVK Ministers | MK Stalin Superstar ...
Tamil Nadu political interview 2026,wBg6Zo0A7nQ,2011-ல் கணித்த விஜய்.. 2026-ல் நிஜமாகிறதா? 😱 BREAKING! #shorts #trending #cmvijay #tvk #rmnewstamil,RMNEWS_TAMIL,2026-05-18T03:02:18Z,"2011-ல் தளபதி விஜய் கணித்த அரசியல் எதிர்காலம், இப்போ 2026-ல் ..."
Tamil Nadu political interview 2026,8sCYSMP1Lc4,இது தர்மம் இல்லை! - SP Lakshmanan #cmvijay #thirumavalavan,Wow Tamizhaa Pulse,2026-05-19T13:00:10Z,SP Lakshmanan Latest Interview | CM Vijay செய்தது தப்பு! | Rajinikanth | TVK Ministers | MK Stalin Superstar ...
Tamil Nadu political interview 2026,iskDjBPWCuU,ஸ்டாலின் இளிச்சவாயரா? - SP Lakshmanan #cmvijay #tvk,Wow Tamizhaa Pulse,2026-05-20T13:01:07Z,SP Lakshmanan Latest Interview | CM Vijay செய்தது தப்பு! | Rajinikanth | TVK Ministers | MK Stalin Superstar ...
Tamil Nadu political interview 2026,T6-iIy5JT5M,"Tamil Nadu Election 2026: Vijay Vs Kharge, Annamalai To Campaign, Stalin Alleges FCRA Christians Row",NDTV,2026-04-05T06:15:06Z,"In today's edition of the Tamil Nadu Election Tracker, NDTV's Sam Daniel brings you the latest from a high-stakes political battle."
Tamil Nadu political interview 2026,8XhX1BMujfc,Today Headlines | 21 May  2026 - 3 PM | பிற்பகல் தலைப்புச் செய்திகள் | SathiyamTV #3pmheadlines,Sathiyam News,2026-05-21T09:30:06Z,"Watch Sathiyam News Live for the latest Tamil news updates, breaking news, political news, and Tamil Nadu headlines ..."
Tamil Nadu political interview 2026,mC8hEhkgGqY,"Annamalai Shocks With Vijay Comment, BJP Claim &amp; Reality | TN 2026 Elections | TN Politics | N18S",CNN-News18,2026-04-15T09:27:53Z,BJP Tamil Nadu leader K. Annamalai sets the political tone with a surprising take on the Tamil Nadu election mood. He says the ...
Tamil Nadu political interview 2026,SmgNGQTBosM,Today Headlines | 20 May  2026 - 3 PM | பிற்பகல் தலைப்புச் செய்திகள் | SathiyamTV #3pmheadlines,Sathiyam News,2026-05-20T09:34:16Z,"Watch Sathiyam News Live for the latest Tamil news updates, breaking news, political news, and Tamil Nadu headlines ..."
Tamil Nadu political interview 2026,M4ytpxHcPC8,🔴LIVE: Today Top 50 News (20.05.2026),Sathiyam News,2026-05-20T16:29:43Z,"Watch Sathiyam News Live for the latest Tamil news updates, breaking news, political news, and Tamil Nadu headlines ..."
Tamil Nadu political interview 2026,f8FyhoDGOtg,ரொம்ப நாள் இப்படி பண்ண முடியாது! - SP Lakshmanan #cmvijay #tvk,Wow Tamizhaa Pulse,2026-05-20T05:30:10Z,SP Lakshmanan Latest Interview | CM Vijay செய்தது தப்பு! | Rajinikanth | TVK Ministers | MK Stalin Superstar ...
Tamil Nadu political interview 2026,5N6RlQhF1UM,அதிமுக வாக்கு  வங்கி முழுவதையுமே விஜய் கை பற்றுக்கிறாரா,Mediagrass Tamil,2026-05-20T12:45:24Z,TamilNaduPolitics #AIADMK #DMK #TVK #VijayPolitics #EdappadiPalanisamy #SPVelumani #CVShanmugam #VCK ...
Tamil Nadu political discussion 2026,xNo2d62CH7w,"Tamil Nadu: After LEFT Threatens TVK Govt,  CM Vijay Reacts to CPM&#39;s Recent Remark | News18",CNN-News18,2026-05-20T06:33:44Z,Tamil Nadu Chief Minister Vijay has reacted to recent remarks made by the CPI(M) after Left parties reportedly warned the TVK ...
Tamil Nadu political discussion 2026,vfjAgDq0O3E,Director R.V.Udhayakumar Meets CMVijay | படத்தில் மட்டும் இல்ல அரசியலிலும் ஆக்ஷன் ஹீரோதான்,NewsTamil 24X7,2026-05-19T13:49:29Z,"News Tamil 24x7 — Tamil Nadu's No.1 Tamil News Channel, live 24/7 on TV and YouTube. #RVUdhayakumar #CMVijay ..."
Tamil Nadu political discussion 2026,lnID75u5PHU,ஈகோ பிரச்னை .. | TN Politics NEWS |,Fireline தமிழ்,2026-05-18T06:05:36Z,FireLineTamil| M K Stalin | Edappadi Palaniswami | TVK Vijay | Seeman | Annamalai | DMK | ADMK | BJP | Modi | Tamilnadu ...
Tamil Nadu political discussion 2026,RLye2LIqDVc,VCK | tvk | admk | chief minister Vijay #tvkvijay #vck #admk #tamilnadu #politics,Big Mount TV,2026-05-16T05:57:33Z,"2026 Tamil Nadu politics is heating up! VCK leader Thirumavalavan has reportedly mounted pressure on Chief Minister Vijay, ..."
Tamil Nadu political discussion 2026,qNj0bqlkiBQ,Tamil Nadu Politics: Parties Race To Woo Vijay Ahead Of 2026 Assembly Elections | India Today,India Today,2026-01-14T14:57:31Z,This special report examines the shifting political landscape in Tamil Nadu as major parties compete to align with ...
Tamil Nadu political discussion 2026,EYti2kqGYwg,Tamil Nadu: Who’s winning this election? | Let Me Explain 130 | Pooja Prasanna,The News Minute,2026-04-20T16:06:11Z,Tamil Nadu's 2026 Assembly election is shaping up to be more complex than a simple DMK vs AIADMK contest. With new ...
Tamil Nadu political discussion 2026,K09-9wYQ2cA,அதிகமாக உழைத்திடுவோம்! | TN News |,Fireline தமிழ்,2026-05-20T10:21:18Z,FireLineTamil| M K Stalin | Edappadi Palaniswami | TVK Vijay | Seeman | Annamalai | DMK | ADMK | BJP | Modi | Tamilnadu ...
Tamil Nadu political discussion 2026,OTxc_iHbdGA,CM Vijay Meets Tamil Nadu’s Top Political Leaders 🔥 | Historic Political Moments | Thalapathy Vijay,THE VIBE KREW,2026-05-20T06:30:14Z,A powerful collection of CM Vijay's photos with some of the most influential politicians in Tamil Nadu politics. These historic and ...
